timeStamp,elapsed,label,responseCode,responseMessage,threadName,dataType,success,failureMessage,bytes,sentBytes,grpThreads,allThreads,URL,Latency,IdleTime,Connect
1684943211409,1111,POST Signup,200,OK,Thread Group 01 1-3,text,true,,439,388,100,100,https://qa-mirro-api.bluerock-8d9edcb3.canadacentral.azurecontainerapps.io/SignUp?first_name=Auto&last_name=Test&user_name=AUTOMATION_3119_24050846@gmail.com&password=Qr!a123abcd&is_company=false,1111,0,895
1684943212598,2676,POST UploadFile,200,OK,Thread Group 01 1-3,text,true,,175,832823,100,100,https://qa-mirro-api.bluerock-8d9edcb3.canadacentral.azurecontainerapps.io/UploadMultipleFiles?meeting_type_id=7,2676,0,0
1684943215277,3190,GET GetProcessedDataList,200,OK,Thread Group 01 1-3,text,true,,204267,298,100,100,https://qa-mirro-api.bluerock-8d9edcb3.canadacentral.azurecontainerapps.io/GetProcessedDataList,3044,0,0
1684943218468,90,GET GetProcessedDataListForParticipants,200,OK,Thread Group 01 1-3,text,true,,5998,356,100,100,https://qa-mirro-api.bluerock-8d9edcb3.canadacentral.azurecontainerapps.io/GetProcessedDataListForParticipants?metrics_processing_events_history_id=28414,90,0,0
1684943218562,402,POST Signup,200,OK,Thread Group 01 1-2,text,true,,439,418,99,99,https://qa-mirro-api.bluerock-8d9edcb3.canadacentral.azurecontainerapps.io/SignUp?first_name=Auto&last_name=Test&user_name=AUTOMATION_3957_24050846@gmail.com&password=Qr!a123abcd&is_company=false,402,0,250
1684943218967,3474,POST UploadFile,200,OK,Thread Group 01 1-2,text,true,,175,832847,99,99,https://qa-mirro-api.bluerock-8d9edcb3.canadacentral.azurecontainerapps.io/UploadMultipleFiles?meeting_type_id=7,3474,0,0
1684943222446,2333,GET GetProcessedDataList,200,OK,Thread Group 01 1-2,text,true,,204267,298,99,99,https://qa-mirro-api.bluerock-8d9edcb3.canadacentral.azurecontainerapps.io/GetProcessedDataList,2184,0,0
1684943224782,86,GET GetProcessedDataListForParticipants,200,OK,Thread Group 01 1-2,text,true,,5998,356,99,99,https://qa-mirro-api.bluerock-8d9edcb3.canadacentral.azurecontainerapps.io/GetProcessedDataListForParticipants?metrics_processing_events_history_id=28415,86,0,0
1684943224873,391,POST Signup,200,OK,Thread Group 01 1-4,text,true,,439,418,98,98,https://qa-mirro-api.bluerock-8d9edcb3.canadacentral.azurecontainerapps.io/SignUp?first_name=Auto&last_name=Test&user_name=AUTOMATION_7902_24050847@gmail.com&password=Qr!a123abcd&is_company=false,391,0,238
1684943225267,2397,POST UploadFile,200,OK,Thread Group 01 1-4,text,true,,175,832853,98,98,https://qa-mirro-api.bluerock-8d9edcb3.canadacentral.azurecontainerapps.io/UploadMultipleFiles?meeting_type_id=7,2397,0,0
1684943227665,2776,GET GetProcessedDataList,200,OK,Thread Group 01 1-4,text,true,,204267,298,98,98,https://qa-mirro-api.bluerock-8d9edcb3.canadacentral.azurecontainerapps.io/GetProcessedDataList,2629,0,0
1684943230444,83,GET GetProcessedDataListForParticipants,200,OK,Thread Group 01 1-4,text,true,,5998,356,98,98,https://qa-mirro-api.bluerock-8d9edcb3.canadacentral.azurecontainerapps.io/GetProcessedDataListForParticipants?metrics_processing_events_history_id=28416,83,0,0
1684943230531,383,POST Signup,200,OK,Thread Group 01 1-1,text,true,,439,418,97,97,https://qa-mirro-api.bluerock-8d9edcb3.canadacentral.azurecontainerapps.io/SignUp?first_name=Auto&last_name=Test&user_name=AUTOMATION_2201_24050847@gmail.com&password=Qr!a123abcd&is_company=false,383,0,232
1684943230916,2175,POST UploadFile,200,OK,Thread Group 01 1-1,text,true,,175,832835,97,97,https://qa-mirro-api.bluerock-8d9edcb3.canadacentral.azurecontainerapps.io/UploadMultipleFiles?meeting_type_id=7,2175,0,0
1684943233094,2465,GET GetProcessedDataList,200,OK,Thread Group 01 1-1,text,true,,204267,298,97,97,https://qa-mirro-api.bluerock-8d9edcb3.canadacentral.azurecontainerapps.io/GetProcessedDataList,2321,0,0
1684943235561,86,GET GetProcessedDataListForParticipants,200,OK,Thread Group 01 1-1,text,true,,5998,356,97,97,https://qa-mirro-api.bluerock-8d9edcb3.canadacentral.azurecontainerapps.io/GetProcessedDataListForParticipants?metrics_processing_events_history_id=28417,86,0,0
1684943235651,396,POST Signup,200,OK,Thread Group 01 1-5,text,true,,439,418,96,96,https://qa-mirro-api.bluerock-8d9edcb3.canadacentral.azurecontainerapps.io/SignUp?first_name=Auto&last_name=Test&user_name=AUTOMATION_3815_24050847@gmail.com&password=Qr!a123abcd&is_company=false,395,0,242
1684943236048,2881,POST UploadFile,200,OK,Thread Group 01 1-5,text,true,,175,832847,96,96,https://qa-mirro-api.bluerock-8d9edcb3.canadacentral.azurecontainerapps.io/UploadMultipleFiles?meeting_type_id=7,2880,0,0
1684943238930,2885,GET GetProcessedDataList,200,OK,Thread Group 01 1-5,text,true,,204267,298,96,96,https://qa-mirro-api.bluerock-8d9edcb3.canadacentral.azurecontainerapps.io/GetProcessedDataList,2734,0,0
1684943241817,96,GET GetProcessedDataListForParticipants,200,OK,Thread Group 01 1-5,text,true,,5998,356,96,96,https://qa-mirro-api.bluerock-8d9edcb3.canadacentral.azurecontainerapps.io/GetProcessedDataListForParticipants?metrics_processing_events_history_id=28418,96,0,0
1684943241917,407,POST Signup,200,OK,Thread Group 01 1-6,text,true,,439,418,95,95,https://qa-mirro-api.bluerock-8d9edcb3.canadacentral.azurecontainerapps.io/SignUp?first_name=Auto&last_name=Test&user_name=AUTOMATION_4089_24050847@gmail.com&password=Qr!a123abcd&is_company=false,407,0,251
1684943242326,1824,POST UploadFile,200,OK,Thread Group 01 1-6,text,true,,175,832829,95,95,https://qa-mirro-api.bluerock-8d9edcb3.canadacentral.azurecontainerapps.io/UploadMultipleFiles?meeting_type_id=7,1824,0,0
1684943244151,2471,GET GetProcessedDataList,200,OK,Thread Group 01 1-6,text,true,,204267,298,95,95,https://qa-mirro-api.bluerock-8d9edcb3.canadacentral.azurecontainerapps.io/GetProcessedDataList,2325,0,0
1684943246625,86,GET GetProcessedDataListForParticipants,200,OK,Thread Group 01 1-6,text,true,,5998,356,95,95,https://qa-mirro-api.bluerock-8d9edcb3.canadacentral.azurecontainerapps.io/GetProcessedDataListForParticipants?metrics_processing_events_history_id=28419,86,0,0
1684943246714,391,POST Signup,200,OK,Thread Group 01 1-7,text,true,,439,418,94,94,https://qa-mirro-api.bluerock-8d9edcb3.canadacentral.azurecontainerapps.io/SignUp?first_name=Auto&last_name=Test&user_name=AUTOMATION_6807_24050847@gmail.com&password=Qr!a123abcd&is_company=false,391,0,237
1684943247107,2676,POST UploadFile,200,OK,Thread Group 01 1-7,text,true,,175,832844,94,94,https://qa-mirro-api.bluerock-8d9edcb3.canadacentral.azurecontainerapps.io/UploadMultipleFiles?meeting_type_id=7,2676,0,0
1684943249784,2773,GET GetProcessedDataList,200,OK,Thread Group 01 1-7,text,true,,204267,298,94,94,https://qa-mirro-api.bluerock-8d9edcb3.canadacentral.azurecontainerapps.io/GetProcessedDataList,2630,0,0
1684943252561,106,GET GetProcessedDataListForParticipants,200,OK,Thread Group 01 1-7,text,true,,5998,356,94,94,https://qa-mirro-api.bluerock-8d9edcb3.canadacentral.azurecontainerapps.io/GetProcessedDataListForParticipants?metrics_processing_events_history_id=28420,105,0,0
1684943252670,393,POST Signup,200,OK,Thread Group 01 1-8,text,true,,439,418,93,93,https://qa-mirro-api.bluerock-8d9edcb3.canadacentral.azurecontainerapps.io/SignUp?first_name=Auto&last_name=Test&user_name=AUTOMATION_1186_24050847@gmail.com&password=Qr!a123abcd&is_company=false,393,0,239
1684943253064,2655,POST UploadFile,200,OK,Thread Group 01 1-8,text,true,,175,832832,93,93,https://qa-mirro-api.bluerock-8d9edcb3.canadacentral.azurecontainerapps.io/UploadMultipleFiles?meeting_type_id=7,2655,0,0
1684943255721,2819,GET GetProcessedDataList,200,OK,Thread Group 01 1-8,text,true,,204267,298,93,93,https://qa-mirro-api.bluerock-8d9edcb3.canadacentral.azurecontainerapps.io/GetProcessedDataList,2669,0,0
1684943258542,86,GET GetProcessedDataListForParticipants,200,OK,Thread Group 01 1-8,text,true,,5998,356,93,93,https://qa-mirro-api.bluerock-8d9edcb3.canadacentral.azurecontainerapps.io/GetProcessedDataListForParticipants?metrics_processing_events_history_id=28421,86,0,0
1684943258632,381,POST Signup,200,OK,Thread Group 01 1-9,text,true,,439,418,92,92,https://qa-mirro-api.bluerock-8d9edcb3.canadacentral.azurecontainerapps.io/SignUp?first_name=Auto&last_name=Test&user_name=AUTOMATION_4091_24050847@gmail.com&password=Qr!a123abcd&is_company=false,381,0,231
1684943259016,2756,POST UploadFile,200,OK,Thread Group 01 1-9,text,true,,175,832835,92,92,https://qa-mirro-api.bluerock-8d9edcb3.canadacentral.azurecontainerapps.io/UploadMultipleFiles?meeting_type_id=7,2756,0,0
1684943261774,2811,GET GetProcessedDataList,200,OK,Thread Group 01 1-9,text,true,,204267,298,92,92,https://qa-mirro-api.bluerock-8d9edcb3.canadacentral.azurecontainerapps.io/GetProcessedDataList,2667,0,0
1684943264587,99,GET GetProcessedDataListForParticipants,200,OK,Thread Group 01 1-9,text,true,,5998,356,92,92,https://qa-mirro-api.bluerock-8d9edcb3.canadacentral.azurecontainerapps.io/GetProcessedDataListForParticipants?metrics_processing_events_history_id=28422,99,0,0
1684943264689,391,POST Signup,200,OK,Thread Group 01 1-10,text,true,,439,418,91,91,https://qa-mirro-api.bluerock-8d9edcb3.canadacentral.azurecontainerapps.io/SignUp?first_name=Auto&last_name=Test&user_name=AUTOMATION_2369_24050847@gmail.com&password=Qr!a123abcd&is_company=false,391,0,238
1684943265082,1699,POST UploadFile,200,OK,Thread Group 01 1-10,text,true,,175,832850,91,91,https://qa-mirro-api.bluerock-8d9edcb3.canadacentral.azurecontainerapps.io/UploadMultipleFiles?meeting_type_id=7,1699,0,0
1684943266783,2784,GET GetProcessedDataList,200,OK,Thread Group 01 1-10,text,true,,204267,298,91,91,https://qa-mirro-api.bluerock-8d9edcb3.canadacentral.azurecontainerapps.io/GetProcessedDataList,2630,0,0
1684943269569,86,GET GetProcessedDataListForParticipants,200,OK,Thread Group 01 1-10,text,true,,5998,356,91,91,https://qa-mirro-api.bluerock-8d9edcb3.canadacentral.azurecontainerapps.io/GetProcessedDataListForParticipants?metrics_processing_events_history_id=28423,86,0,0
1684943269659,389,POST Signup,200,OK,Thread Group 01 1-11,text,true,,439,418,90,90,https://qa-mirro-api.bluerock-8d9edcb3.canadacentral.azurecontainerapps.io/SignUp?first_name=Auto&last_name=Test&user_name=AUTOMATION_2669_24050847@gmail.com&password=Qr!a123abcd&is_company=false,389,0,238
1684943270049,2160,POST UploadFile,200,OK,Thread Group 01 1-11,text,true,,175,832847,90,90,https://qa-mirro-api.bluerock-8d9edcb3.canadacentral.azurecontainerapps.io/UploadMultipleFiles?meeting_type_id=7,2160,0,0
1684943272209,2557,GET GetProcessedDataList,200,OK,Thread Group 01 1-11,text,true,,204267,298,90,90,https://qa-mirro-api.bluerock-8d9edcb3.canadacentral.azurecontainerapps.io/GetProcessedDataList,2408,0,0
1684943274768,87,GET GetProcessedDataListForParticipants,200,OK,Thread Group 01 1-11,text,true,,5998,356,90,90,https://qa-mirro-api.bluerock-8d9edcb3.canadacentral.azurecontainerapps.io/GetProcessedDataListForParticipants?metrics_processing_events_history_id=28424,87,0,0
1684943274862,389,POST Signup,200,OK,Thread Group 01 1-12,text,true,,439,418,89,89,https://qa-mirro-api.bluerock-8d9edcb3.canadacentral.azurecontainerapps.io/SignUp?first_name=Auto&last_name=Test&user_name=AUTOMATION_3272_24050847@gmail.com&password=Qr!a123abcd&is_company=false,388,0,238
1684943275252,1563,POST UploadFile,200,OK,Thread Group 01 1-12,text,true,,175,832835,89,89,https://qa-mirro-api.bluerock-8d9edcb3.canadacentral.azurecontainerapps.io/UploadMultipleFiles?meeting_type_id=7,1563,0,0
1684943276817,2875,GET GetProcessedDataList,200,OK,Thread Group 01 1-12,text,true,,204267,298,89,89,https://qa-mirro-api.bluerock-8d9edcb3.canadacentral.azurecontainerapps.io/GetProcessedDataList,2731,0,0
1684943279694,83,GET GetProcessedDataListForParticipants,200,OK,Thread Group 01 1-12,text,true,,5998,356,89,89,https://qa-mirro-api.bluerock-8d9edcb3.canadacentral.azurecontainerapps.io/GetProcessedDataListForParticipants?metrics_processing_events_history_id=28425,83,0,0
1684943279781,383,POST Signup,200,OK,Thread Group 01 1-13,text,true,,439,418,88,88,https://qa-mirro-api.bluerock-8d9edcb3.canadacentral.azurecontainerapps.io/SignUp?first_name=Auto&last_name=Test&user_name=AUTOMATION_1706_24050847@gmail.com&password=Qr!a123abcd&is_company=false,383,0,234
1684943280168,2588,POST UploadFile,200,OK,Thread Group 01 1-13,text,true,,175,832829,88,88,https://qa-mirro-api.bluerock-8d9edcb3.canadacentral.azurecontainerapps.io/UploadMultipleFiles?meeting_type_id=7,2588,0,0
1684943282757,2760,GET GetProcessedDataList,200,OK,Thread Group 01 1-13,text,true,,204267,298,88,88,https://qa-mirro-api.bluerock-8d9edcb3.canadacentral.azurecontainerapps.io/GetProcessedDataList,2613,0,0
1684943285518,84,GET GetProcessedDataListForParticipants,200,OK,Thread Group 01 1-13,text,true,,5998,356,88,88,https://qa-mirro-api.bluerock-8d9edcb3.canadacentral.azurecontainerapps.io/GetProcessedDataListForParticipants?metrics_processing_events_history_id=28426,83,0,0
1684943285606,383,POST Signup,200,OK,Thread Group 01 1-14,text,true,,439,418,87,87,https://qa-mirro-api.bluerock-8d9edcb3.canadacentral.azurecontainerapps.io/SignUp?first_name=Auto&last_name=Test&user_name=AUTOMATION_2935_24050848@gmail.com&password=Qr!a123abcd&is_company=false,383,0,231
1684943285990,2909,POST UploadFile,200,OK,Thread Group 01 1-14,text,true,,175,832847,87,87,https://qa-mirro-api.bluerock-8d9edcb3.canadacentral.azurecontainerapps.io/UploadMultipleFiles?meeting_type_id=7,2909,0,0
1684943288899,2876,GET GetProcessedDataList,200,OK,Thread Group 01 1-14,text,true,,204267,298,87,87,https://qa-mirro-api.bluerock-8d9edcb3.canadacentral.azurecontainerapps.io/GetProcessedDataList,2732,0,0
1684943291778,85,GET GetProcessedDataListForParticipants,200,OK,Thread Group 01 1-14,text,true,,5998,356,87,87,https://qa-mirro-api.bluerock-8d9edcb3.canadacentral.azurecontainerapps.io/GetProcessedDataListForParticipants?metrics_processing_events_history_id=28427,85,0,0
1684943291866,389,POST Signup,200,OK,Thread Group 01 1-15,text,true,,439,418,86,86,https://qa-mirro-api.bluerock-8d9edcb3.canadacentral.azurecontainerapps.io/SignUp?first_name=Auto&last_name=Test&user_name=AUTOMATION_5730_24050848@gmail.com&password=Qr!a123abcd&is_company=false,389,0,238
1684943292257,2172,POST UploadFile,200,OK,Thread Group 01 1-15,text,true,,175,832844,86,86,https://qa-mirro-api.bluerock-8d9edcb3.canadacentral.azurecontainerapps.io/UploadMultipleFiles?meeting_type_id=7,2172,0,0
1684943294430,2701,GET GetProcessedDataList,200,OK,Thread Group 01 1-15,text,true,,204267,298,86,86,https://qa-mirro-api.bluerock-8d9edcb3.canadacentral.azurecontainerapps.io/GetProcessedDataList,2559,0,0
1684943297146,84,GET GetProcessedDataListForParticipants,200,OK,Thread Group 01 1-15,text,true,,5998,356,86,86,https://qa-mirro-api.bluerock-8d9edcb3.canadacentral.azurecontainerapps.io/GetProcessedDataListForParticipants?metrics_processing_events_history_id=28428,84,0,0
1684943297234,396,POST Signup,200,OK,Thread Group 01 1-16,text,true,,439,418,85,85,https://qa-mirro-api.bluerock-8d9edcb3.canadacentral.azurecontainerapps.io/SignUp?first_name=Auto&last_name=Test&user_name=AUTOMATION_0669_24050848@gmail.com&password=Qr!a123abcd&is_company=false,395,0,241
1684943297632,1727,POST UploadFile,200,OK,Thread Group 01 1-16,text,true,,175,832838,85,85,https://qa-mirro-api.bluerock-8d9edcb3.canadacentral.azurecontainerapps.io/UploadMultipleFiles?meeting_type_id=7,1727,0,0
1684943299360,2518,GET GetProcessedDataList,200,OK,Thread Group 01 1-16,text,true,,204267,298,85,85,https://qa-mirro-api.bluerock-8d9edcb3.canadacentral.azurecontainerapps.io/GetProcessedDataList,2370,0,0
1684943301881,86,GET GetProcessedDataListForParticipants,200,OK,Thread Group 01 1-16,text,true,,5998,356,85,85,https://qa-mirro-api.bluerock-8d9edcb3.canadacentral.azurecontainerapps.io/GetProcessedDataListForParticipants?metrics_processing_events_history_id=28429,86,0,0
1684943301972,386,POST Signup,200,OK,Thread Group 01 1-17,text,true,,439,418,84,84,https://qa-mirro-api.bluerock-8d9edcb3.canadacentral.azurecontainerapps.io/SignUp?first_name=Auto&last_name=Test&user_name=AUTOMATION_3448_24050848@gmail.com&password=Qr!a123abcd&is_company=false,386,0,234
1684943302359,2305,POST UploadFile,200,OK,Thread Group 01 1-17,text,true,,175,832847,84,84,https://qa-mirro-api.bluerock-8d9edcb3.canadacentral.azurecontainerapps.io/UploadMultipleFiles?meeting_type_id=7,2305,0,0
1684943304665,2796,GET GetProcessedDataList,200,OK,Thread Group 01 1-17,text,true,,204267,298,84,84,https://qa-mirro-api.bluerock-8d9edcb3.canadacentral.azurecontainerapps.io/GetProcessedDataList,2647,0,0
1684943307461,83,GET GetProcessedDataListForParticipants,200,OK,Thread Group 01 1-17,text,true,,5998,356,84,84,https://qa-mirro-api.bluerock-8d9edcb3.canadacentral.azurecontainerapps.io/GetProcessedDataListForParticipants?metrics_processing_events_history_id=28430,83,0,0
1684943307547,378,POST Signup,200,OK,Thread Group 01 1-18,text,true,,439,418,83,83,https://qa-mirro-api.bluerock-8d9edcb3.canadacentral.azurecontainerapps.io/SignUp?first_name=Auto&last_name=Test&user_name=AUTOMATION_5871_24050848@gmail.com&password=Qr!a123abcd&is_company=false,378,0,228
1684943307927,2107,POST UploadFile,200,OK,Thread Group 01 1-18,text,true,,175,832853,83,83,https://qa-mirro-api.bluerock-8d9edcb3.canadacentral.azurecontainerapps.io/UploadMultipleFiles?meeting_type_id=7,2107,0,0
1684943310037,2606,GET GetProcessedDataList,200,OK,Thread Group 01 1-18,text,true,,204267,298,83,83,https://qa-mirro-api.bluerock-8d9edcb3.canadacentral.azurecontainerapps.io/GetProcessedDataList,2460,0,0
1684943312646,82,GET GetProcessedDataListForParticipants,200,OK,Thread Group 01 1-18,text,true,,5998,356,83,83,https://qa-mirro-api.bluerock-8d9edcb3.canadacentral.azurecontainerapps.io/GetProcessedDataListForParticipants?metrics_processing_events_history_id=28431,82,0,0
1684943312732,378,POST Signup,200,OK,Thread Group 01 1-19,text,true,,439,418,82,82,https://qa-mirro-api.bluerock-8d9edcb3.canadacentral.azurecontainerapps.io/SignUp?first_name=Auto&last_name=Test&user_name=AUTOMATION_2542_24050848@gmail.com&password=Qr!a123abcd&is_company=false,378,0,229
1684943313111,3052,POST UploadFile,200,OK,Thread Group 01 1-19,text,true,,175,832832,82,82,https://qa-mirro-api.bluerock-8d9edcb3.canadacentral.azurecontainerapps.io/UploadMultipleFiles?meeting_type_id=7,3052,0,0
1684943316164,2645,GET GetProcessedDataList,200,OK,Thread Group 01 1-19,text,true,,204267,298,82,82,https://qa-mirro-api.bluerock-8d9edcb3.canadacentral.azurecontainerapps.io/GetProcessedDataList,2500,0,0
1684943318810,82,GET GetProcessedDataListForParticipants,200,OK,Thread Group 01 1-19,text,true,,5998,356,82,82,https://qa-mirro-api.bluerock-8d9edcb3.canadacentral.azurecontainerapps.io/GetProcessedDataListForParticipants?metrics_processing_events_history_id=28432,81,0,0
1684943318895,380,POST Signup,200,OK,Thread Group 01 1-20,text,true,,439,418,81,81,https://qa-mirro-api.bluerock-8d9edcb3.canadacentral.azurecontainerapps.io/SignUp?first_name=Auto&last_name=Test&user_name=AUTOMATION_0364_24050848@gmail.com&password=Qr!a123abcd&is_company=false,380,0,226
1684943319276,1547,POST UploadFile,200,OK,Thread Group 01 1-20,text,true,,175,832829,81,81,https://qa-mirro-api.bluerock-8d9edcb3.canadacentral.azurecontainerapps.io/UploadMultipleFiles?meeting_type_id=7,1547,0,0
1684943320824,2840,GET GetProcessedDataList,200,OK,Thread Group 01 1-20,text,true,,204267,298,81,81,https://qa-mirro-api.bluerock-8d9edcb3.canadacentral.azurecontainerapps.io/GetProcessedDataList,2694,0,0
1684943324303,85,GET GetProcessedDataListForParticipants,200,OK,Thread Group 01 1-20,text,true,,5998,356,81,81,https://qa-mirro-api.bluerock-8d9edcb3.canadacentral.azurecontainerapps.io/GetProcessedDataListForParticipants?metrics_processing_events_history_id=28433,85,0,0
1684943324391,389,POST Signup,200,OK,Thread Group 01 1-21,text,true,,439,418,80,80,https://qa-mirro-api.bluerock-8d9edcb3.canadacentral.azurecontainerapps.io/SignUp?first_name=Auto&last_name=Test&user_name=AUTOMATION_0794_24050848@gmail.com&password=Qr!a123abcd&is_company=false,389,0,236
1684943324781,1618,POST UploadFile,200,OK,Thread Group 01 1-21,text,true,,175,832823,80,80,https://qa-mirro-api.bluerock-8d9edcb3.canadacentral.azurecontainerapps.io/UploadMultipleFiles?meeting_type_id=7,1618,0,0
1684943326400,2988,GET GetProcessedDataList,200,OK,Thread Group 01 1-21,text,true,,204267,298,80,80,https://qa-mirro-api.bluerock-8d9edcb3.canadacentral.azurecontainerapps.io/GetProcessedDataList,2836,0,0
1684943329391,86,GET GetProcessedDataListForParticipants,200,OK,Thread Group 01 1-21,text,true,,5998,356,80,80,https://qa-mirro-api.bluerock-8d9edcb3.canadacentral.azurecontainerapps.io/GetProcessedDataListForParticipants?metrics_processing_events_history_id=28434,86,0,0
1684943329480,397,POST Signup,200,OK,Thread Group 01 1-22,text,true,,439,418,79,79,https://qa-mirro-api.bluerock-8d9edcb3.canadacentral.azurecontainerapps.io/SignUp?first_name=Auto&last_name=Test&user_name=AUTOMATION_0505_24050848@gmail.com&password=Qr!a123abcd&is_company=false,397,0,242
1684943329879,2870,POST UploadFile,200,OK,Thread Group 01 1-22,text,true,,175,832844,79,79,https://qa-mirro-api.bluerock-8d9edcb3.canadacentral.azurecontainerapps.io/UploadMultipleFiles?meeting_type_id=7,2870,0,0
1684943332751,2525,GET GetProcessedDataList,200,OK,Thread Group 01 1-22,text,true,,204267,298,79,79,https://qa-mirro-api.bluerock-8d9edcb3.canadacentral.azurecontainerapps.io/GetProcessedDataList,2380,0,0
1684943335277,85,GET GetProcessedDataListForParticipants,200,OK,Thread Group 01 1-22,text,true,,5998,356,79,79,https://qa-mirro-api.bluerock-8d9edcb3.canadacentral.azurecontainerapps.io/GetProcessedDataListForParticipants?metrics_processing_events_history_id=28435,84,0,0
1684943335365,377,POST Signup,200,OK,Thread Group 01 1-23,text,true,,439,418,78,78,https://qa-mirro-api.bluerock-8d9edcb3.canadacentral.azurecontainerapps.io/SignUp?first_name=Auto&last_name=Test&user_name=AUTOMATION_5806_24050848@gmail.com&password=Qr!a123abcd&is_company=false,377,0,229
1684943335743,1516,POST UploadFile,200,OK,Thread Group 01 1-23,text,true,,175,832832,78,78,https://qa-mirro-api.bluerock-8d9edcb3.canadacentral.azurecontainerapps.io/UploadMultipleFiles?meeting_type_id=7,1516,0,0
1684943337260,2870,GET GetProcessedDataList,200,OK,Thread Group 01 1-23,text,true,,204267,298,78,78,https://qa-mirro-api.bluerock-8d9edcb3.canadacentral.azurecontainerapps.io/GetProcessedDataList,2724,0,0
1684943340132,96,GET GetProcessedDataListForParticipants,200,OK,Thread Group 01 1-23,text,true,,5998,356,78,78,https://qa-mirro-api.bluerock-8d9edcb3.canadacentral.azurecontainerapps.io/GetProcessedDataListForParticipants?metrics_processing_events_history_id=28436,95,0,0
1684943340372,379,POST Signup,200,OK,Thread Group 01 1-24,text,true,,439,418,77,77,https://qa-mirro-api.bluerock-8d9edcb3.canadacentral.azurecontainerapps.io/SignUp?first_name=Auto&last_name=Test&user_name=AUTOMATION_2977_24050849@gmail.com&password=Qr!a123abcd&is_company=false,379,0,230
1684943340752,2905,POST UploadFile,200,OK,Thread Group 01 1-24,text,true,,175,832850,77,77,https://qa-mirro-api.bluerock-8d9edcb3.canadacentral.azurecontainerapps.io/UploadMultipleFiles?meeting_type_id=7,2904,0,0
1684943343657,2762,GET GetProcessedDataList,200,OK,Thread Group 01 1-24,text,true,,204267,298,77,77,https://qa-mirro-api.bluerock-8d9edcb3.canadacentral.azurecontainerapps.io/GetProcessedDataList,2620,0,0
1684943346422,83,GET GetProcessedDataListForParticipants,200,OK,Thread Group 01 1-24,text,true,,5998,356,77,77,https://qa-mirro-api.bluerock-8d9edcb3.canadacentral.azurecontainerapps.io/GetProcessedDataListForParticipants?metrics_processing_events_history_id=28437,82,0,0
1684943346509,748,POST Signup,200,OK,Thread Group 01 1-25,text,true,,439,418,76,76,https://qa-mirro-api.bluerock-8d9edcb3.canadacentral.azurecontainerapps.io/SignUp?first_name=Auto&last_name=Test&user_name=AUTOMATION_3329_24050849@gmail.com&password=Qr!a123abcd&is_company=false,748,0,478
1684943347258,2155,POST UploadFile,200,OK,Thread Group 01 1-25,text,true,,175,832829,76,76,https://qa-mirro-api.bluerock-8d9edcb3.canadacentral.azurecontainerapps.io/UploadMultipleFiles?meeting_type_id=7,2155,0,0
1684943349414,2956,GET GetProcessedDataList,200,OK,Thread Group 01 1-25,text,true,,204267,298,76,76,https://qa-mirro-api.bluerock-8d9edcb3.canadacentral.azurecontainerapps.io/GetProcessedDataList,2747,0,0
1684943352371,104,GET GetProcessedDataListForParticipants,200,OK,Thread Group 01 1-25,text,true,,5998,356,76,76,https://qa-mirro-api.bluerock-8d9edcb3.canadacentral.azurecontainerapps.io/GetProcessedDataListForParticipants?metrics_processing_events_history_id=28438,104,0,0
1684943352477,420,POST Signup,200,OK,Thread Group 01 1-26,text,true,,439,418,75,75,https://qa-mirro-api.bluerock-8d9edcb3.canadacentral.azurecontainerapps.io/SignUp?first_name=Auto&last_name=Test&user_name=AUTOMATION_9910_24050849@gmail.com&password=Qr!a123abcd&is_company=false,420,0,232
1684943352898,1559,POST UploadFile,200,OK,Thread Group 01 1-26,text,true,,175,832841,75,75,https://qa-mirro-api.bluerock-8d9edcb3.canadacentral.azurecontainerapps.io/UploadMultipleFiles?meeting_type_id=7,1559,0,0
1684943354458,2935,GET GetProcessedDataList,200,OK,Thread Group 01 1-26,text,true,,204267,298,75,75,https://qa-mirro-api.bluerock-8d9edcb3.canadacentral.azurecontainerapps.io/GetProcessedDataList,2791,0,0
1684943357396,81,GET GetProcessedDataListForParticipants,200,OK,Thread Group 01 1-26,text,true,,5998,356,75,75,https://qa-mirro-api.bluerock-8d9edcb3.canadacentral.azurecontainerapps.io/GetProcessedDataListForParticipants?metrics_processing_events_history_id=28439,81,0,0
1684943357481,385,POST Signup,200,OK,Thread Group 01 1-27,text,true,,439,418,74,74,https://qa-mirro-api.bluerock-8d9edcb3.canadacentral.azurecontainerapps.io/SignUp?first_name=Auto&last_name=Test&user_name=AUTOMATION_4171_24050849@gmail.com&password=Qr!a123abcd&is_company=false,385,0,226
1684943357869,1606,POST UploadFile,200,OK,Thread Group 01 1-27,text,true,,175,832847,74,74,https://qa-mirro-api.bluerock-8d9edcb3.canadacentral.azurecontainerapps.io/UploadMultipleFiles?meeting_type_id=7,1606,0,0
1684943359476,2980,GET GetProcessedDataList,200,OK,Thread Group 01 1-27,text,true,,204267,298,74,74,https://qa-mirro-api.bluerock-8d9edcb3.canadacentral.azurecontainerapps.io/GetProcessedDataList,2833,0,0
1684943362457,84,GET GetProcessedDataListForParticipants,200,OK,Thread Group 01 1-27,text,true,,5998,356,74,74,https://qa-mirro-api.bluerock-8d9edcb3.canadacentral.azurecontainerapps.io/GetProcessedDataListForParticipants?metrics_processing_events_history_id=28440,84,0,0
1684943362545,383,POST Signup,200,OK,Thread Group 01 1-28,text,true,,439,418,73,73,https://qa-mirro-api.bluerock-8d9edcb3.canadacentral.azurecontainerapps.io/SignUp?first_name=Auto&last_name=Test&user_name=AUTOMATION_2501_24050849@gmail.com&password=Qr!a123abcd&is_company=false,383,0,233
1684943362929,1530,POST UploadFile,200,OK,Thread Group 01 1-28,text,true,,175,832844,73,73,https://qa-mirro-api.bluerock-8d9edcb3.canadacentral.azurecontainerapps.io/UploadMultipleFiles?meeting_type_id=7,1530,0,0
1684943364476,2918,GET GetProcessedDataList,200,OK,Thread Group 01 1-28,text,true,,204267,298,73,73,https://qa-mirro-api.bluerock-8d9edcb3.canadacentral.azurecontainerapps.io/GetProcessedDataList,2756,0,0
1684943367399,83,GET GetProcessedDataListForParticipants,200,OK,Thread Group 01 1-28,text,true,,5998,356,73,73,https://qa-mirro-api.bluerock-8d9edcb3.canadacentral.azurecontainerapps.io/GetProcessedDataListForParticipants?metrics_processing_events_history_id=28441,82,0,0
1684943367487,378,POST Signup,200,OK,Thread Group 01 1-29,text,true,,439,418,72,72,https://qa-mirro-api.bluerock-8d9edcb3.canadacentral.azurecontainerapps.io/SignUp?first_name=Auto&last_name=Test&user_name=AUTOMATION_5523_24050849@gmail.com&password=Qr!a123abcd&is_company=false,378,0,226
1684943367867,2531,POST UploadFile,200,OK,Thread Group 01 1-29,text,true,,175,832844,72,72,https://qa-mirro-api.bluerock-8d9edcb3.canadacentral.azurecontainerapps.io/UploadMultipleFiles?meeting_type_id=7,2531,0,0
1684943370402,2874,GET GetProcessedDataList,200,OK,Thread Group 01 1-29,text,true,,204267,298,72,72,https://qa-mirro-api.bluerock-8d9edcb3.canadacentral.azurecontainerapps.io/GetProcessedDataList,2730,0,0
1684943373278,82,GET GetProcessedDataListForParticipants,200,OK,Thread Group 01 1-29,text,true,,5998,356,72,72,https://qa-mirro-api.bluerock-8d9edcb3.canadacentral.azurecontainerapps.io/GetProcessedDataListForParticipants?metrics_processing_events_history_id=28442,82,0,0
1684943373363,377,POST Signup,200,OK,Thread Group 01 1-30,text,true,,439,418,71,71,https://qa-mirro-api.bluerock-8d9edcb3.canadacentral.azurecontainerapps.io/SignUp?first_name=Auto&last_name=Test&user_name=AUTOMATION_7620_24050849@gmail.com&password=Qr!a123abcd&is_company=false,377,0,228
1684943373742,1826,POST UploadFile,200,OK,Thread Group 01 1-30,text,true,,175,832853,71,71,https://qa-mirro-api.bluerock-8d9edcb3.canadacentral.azurecontainerapps.io/UploadMultipleFiles?meeting_type_id=7,1826,0,0
1684943375569,2684,GET GetProcessedDataList,200,OK,Thread Group 01 1-30,text,true,,204267,298,71,71,https://qa-mirro-api.bluerock-8d9edcb3.canadacentral.azurecontainerapps.io/GetProcessedDataList,2542,0,0
1684943378256,81,GET GetProcessedDataListForParticipants,200,OK,Thread Group 01 1-30,text,true,,5998,356,71,71,https://qa-mirro-api.bluerock-8d9edcb3.canadacentral.azurecontainerapps.io/GetProcessedDataListForParticipants?metrics_processing_events_history_id=28443,81,0,0
1684943378340,387,POST Signup,200,OK,Thread Group 01 1-31,text,true,,439,418,70,70,https://qa-mirro-api.bluerock-8d9edcb3.canadacentral.azurecontainerapps.io/SignUp?first_name=Auto&last_name=Test&user_name=AUTOMATION_4396_24050849@gmail.com&password=Qr!a123abcd&is_company=false,387,0,235
1684943378729,2250,POST UploadFile,200,OK,Thread Group 01 1-31,text,true,,175,832838,70,70,https://qa-mirro-api.bluerock-8d9edcb3.canadacentral.azurecontainerapps.io/UploadMultipleFiles?meeting_type_id=7,2250,0,0
1684943380980,2637,GET GetProcessedDataList,200,OK,Thread Group 01 1-31,text,true,,204267,298,70,70,https://qa-mirro-api.bluerock-8d9edcb3.canadacentral.azurecontainerapps.io/GetProcessedDataList,2493,0,0
1684943383619,82,GET GetProcessedDataListForParticipants,200,OK,Thread Group 01 1-31,text,true,,5998,356,70,70,https://qa-mirro-api.bluerock-8d9edcb3.canadacentral.azurecontainerapps.io/GetProcessedDataListForParticipants?metrics_processing_events_history_id=28444,82,0,0
1684943383706,380,POST Signup,200,OK,Thread Group 01 1-32,text,true,,439,418,69,69,https://qa-mirro-api.bluerock-8d9edcb3.canadacentral.azurecontainerapps.io/SignUp?first_name=Auto&last_name=Test&user_name=AUTOMATION_2717_24050849@gmail.com&password=Qr!a123abcd&is_company=false,380,0,232
1684943384088,2138,POST UploadFile,200,OK,Thread Group 01 1-32,text,true,,175,832826,69,69,https://qa-mirro-api.bluerock-8d9edcb3.canadacentral.azurecontainerapps.io/UploadMultipleFiles?meeting_type_id=7,2138,0,0
1684943386228,2950,GET GetProcessedDataList,200,OK,Thread Group 01 1-32,text,true,,204267,298,69,69,https://qa-mirro-api.bluerock-8d9edcb3.canadacentral.azurecontainerapps.io/GetProcessedDataList,2807,0,0
1684943389181,80,GET GetProcessedDataListForParticipants,200,OK,Thread Group 01 1-32,text,true,,5998,356,69,69,https://qa-mirro-api.bluerock-8d9edcb3.canadacentral.azurecontainerapps.io/GetProcessedDataListForParticipants?metrics_processing_events_history_id=28445,80,0,0
1684943389266,382,POST Signup,200,OK,Thread Group 01 1-33,text,true,,439,418,68,68,https://qa-mirro-api.bluerock-8d9edcb3.canadacentral.azurecontainerapps.io/SignUp?first_name=Auto&last_name=Test&user_name=AUTOMATION_7204_24050849@gmail.com&password=Qr!a123abcd&is_company=false,382,0,230
1684943389649,2482,POST UploadFile,200,OK,Thread Group 01 1-33,text,true,,175,832835,68,68,https://qa-mirro-api.bluerock-8d9edcb3.canadacentral.azurecontainerapps.io/UploadMultipleFiles?meeting_type_id=7,2482,0,0
1684943392132,2681,GET GetProcessedDataList,200,OK,Thread Group 01 1-33,text,true,,204267,298,68,68,https://qa-mirro-api.bluerock-8d9edcb3.canadacentral.azurecontainerapps.io/GetProcessedDataList,2536,0,0
1684943394814,84,GET GetProcessedDataListForParticipants,200,OK,Thread Group 01 1-33,text,true,,5998,356,68,68,https://qa-mirro-api.bluerock-8d9edcb3.canadacentral.azurecontainerapps.io/GetProcessedDataListForParticipants?metrics_processing_events_history_id=28446,84,0,0
1684943394901,381,POST Signup,200,OK,Thread Group 01 1-34,text,true,,439,418,67,67,https://qa-mirro-api.bluerock-8d9edcb3.canadacentral.azurecontainerapps.io/SignUp?first_name=Auto&last_name=Test&user_name=AUTOMATION_2893_24050849@gmail.com&password=Qr!a123abcd&is_company=false,381,0,229
1684943395284,2387,POST UploadFile,200,OK,Thread Group 01 1-34,text,true,,175,832826,67,67,https://qa-mirro-api.bluerock-8d9edcb3.canadacentral.azurecontainerapps.io/UploadMultipleFiles?meeting_type_id=7,2387,0,0
1684943397673,2566,GET GetProcessedDataList,200,OK,Thread Group 01 1-34,text,true,,204267,298,67,67,https://qa-mirro-api.bluerock-8d9edcb3.canadacentral.azurecontainerapps.io/GetProcessedDataList,2423,0,0
1684943400241,87,GET GetProcessedDataListForParticipants,200,OK,Thread Group 01 1-34,text,true,,5998,356,67,67,https://qa-mirro-api.bluerock-8d9edcb3.canadacentral.azurecontainerapps.io/GetProcessedDataListForParticipants?metrics_processing_events_history_id=28447,87,0,0
1684943400330,373,POST Signup,200,OK,Thread Group 01 1-35,text,true,,439,418,66,66,https://qa-mirro-api.bluerock-8d9edcb3.canadacentral.azurecontainerapps.io/SignUp?first_name=Auto&last_name=Test&user_name=AUTOMATION_4708_24050850@gmail.com&password=Qr!a123abcd&is_company=false,373,0,224
1684943400704,1555,POST UploadFile,200,OK,Thread Group 01 1-35,text,true,,175,832853,66,66,https://qa-mirro-api.bluerock-8d9edcb3.canadacentral.azurecontainerapps.io/UploadMultipleFiles?meeting_type_id=7,1555,0,0
1684943402259,2953,GET GetProcessedDataList,200,OK,Thread Group 01 1-35,text,true,,204267,298,66,66,https://qa-mirro-api.bluerock-8d9edcb3.canadacentral.azurecontainerapps.io/GetProcessedDataList,2809,0,0
1684943405214,82,GET GetProcessedDataListForParticipants,200,OK,Thread Group 01 1-35,text,true,,5998,356,66,66,https://qa-mirro-api.bluerock-8d9edcb3.canadacentral.azurecontainerapps.io/GetProcessedDataListForParticipants?metrics_processing_events_history_id=28448,82,0,0
1684943405300,383,POST Signup,200,OK,Thread Group 01 1-36,text,true,,439,418,65,65,https://qa-mirro-api.bluerock-8d9edcb3.canadacentral.azurecontainerapps.io/SignUp?first_name=Auto&last_name=Test&user_name=AUTOMATION_2056_24050850@gmail.com&password=Qr!a123abcd&is_company=false,383,0,232
1684943405685,2069,POST UploadFile,200,OK,Thread Group 01 1-36,text,true,,175,832826,65,65,https://qa-mirro-api.bluerock-8d9edcb3.canadacentral.azurecontainerapps.io/UploadMultipleFiles?meeting_type_id=7,2069,0,0
1684943407755,2728,GET GetProcessedDataList,200,OK,Thread Group 01 1-36,text,true,,204267,298,65,65,https://qa-mirro-api.bluerock-8d9edcb3.canadacentral.azurecontainerapps.io/GetProcessedDataList,2580,0,0
1684943410484,84,GET GetProcessedDataListForParticipants,200,OK,Thread Group 01 1-36,text,true,,5998,356,65,65,https://qa-mirro-api.bluerock-8d9edcb3.canadacentral.azurecontainerapps.io/GetProcessedDataListForParticipants?metrics_processing_events_history_id=28449,83,0,0
1684943410571,388,POST Signup,200,OK,Thread Group 01 1-37,text,true,,439,418,64,64,https://qa-mirro-api.bluerock-8d9edcb3.canadacentral.azurecontainerapps.io/SignUp?first_name=Auto&last_name=Test&user_name=AUTOMATION_8899_24050850@gmail.com&password=Qr!a123abcd&is_company=false,388,0,235
1684943410961,1863,POST UploadFile,200,OK,Thread Group 01 1-37,text,true,,175,832850,64,64,https://qa-mirro-api.bluerock-8d9edcb3.canadacentral.azurecontainerapps.io/UploadMultipleFiles?meeting_type_id=7,1863,0,0
1684943412825,2681,GET GetProcessedDataList,200,OK,Thread Group 01 1-37,text,true,,204267,298,64,64,https://qa-mirro-api.bluerock-8d9edcb3.canadacentral.azurecontainerapps.io/GetProcessedDataList,2527,0,0
1684943415507,88,GET GetProcessedDataListForParticipants,200,OK,Thread Group 01 1-37,text,true,,5998,356,64,64,https://qa-mirro-api.bluerock-8d9edcb3.canadacentral.azurecontainerapps.io/GetProcessedDataListForParticipants?metrics_processing_events_history_id=28450,88,0,0
1684943415600,378,POST Signup,200,OK,Thread Group 01 1-38,text,true,,439,418,63,63,https://qa-mirro-api.bluerock-8d9edcb3.canadacentral.azurecontainerapps.io/SignUp?first_name=Auto&last_name=Test&user_name=AUTOMATION_7978_24050850@gmail.com&password=Qr!a123abcd&is_company=false,378,0,226
1684943415980,2076,POST UploadFile,200,OK,Thread Group 01 1-38,text,true,,175,832826,63,63,https://qa-mirro-api.bluerock-8d9edcb3.canadacentral.azurecontainerapps.io/UploadMultipleFiles?meeting_type_id=7,2076,0,0
1684943418057,2665,GET GetProcessedDataList,200,OK,Thread Group 01 1-38,text,true,,204267,298,63,63,https://qa-mirro-api.bluerock-8d9edcb3.canadacentral.azurecontainerapps.io/GetProcessedDataList,2515,0,0
1684943420723,84,GET GetProcessedDataListForParticipants,200,OK,Thread Group 01 1-38,text,true,,5998,356,63,63,https://qa-mirro-api.bluerock-8d9edcb3.canadacentral.azurecontainerapps.io/GetProcessedDataListForParticipants?metrics_processing_events_history_id=28451,84,0,0
1684943420810,387,POST Signup,200,OK,Thread Group 01 1-39,text,true,,439,418,62,62,https://qa-mirro-api.bluerock-8d9edcb3.canadacentral.azurecontainerapps.io/SignUp?first_name=Auto&last_name=Test&user_name=AUTOMATION_0574_24050850@gmail.com&password=Qr!a123abcd&is_company=false,387,0,237
1684943421199,2038,POST UploadFile,200,OK,Thread Group 01 1-39,text,true,,175,832832,62,62,https://qa-mirro-api.bluerock-8d9edcb3.canadacentral.azurecontainerapps.io/UploadMultipleFiles?meeting_type_id=7,2038,0,0
1684943423239,3145,GET GetProcessedDataList,200,OK,Thread Group 01 1-39,text,true,,204267,298,62,62,https://qa-mirro-api.bluerock-8d9edcb3.canadacentral.azurecontainerapps.io/GetProcessedDataList,3001,0,0
1684943426386,85,GET GetProcessedDataListForParticipants,200,OK,Thread Group 01 1-39,text,true,,5998,356,62,62,https://qa-mirro-api.bluerock-8d9edcb3.canadacentral.azurecontainerapps.io/GetProcessedDataListForParticipants?metrics_processing_events_history_id=28452,85,0,0
1684943426474,378,POST Signup,200,OK,Thread Group 01 1-40,text,true,,439,418,61,61,https://qa-mirro-api.bluerock-8d9edcb3.canadacentral.azurecontainerapps.io/SignUp?first_name=Auto&last_name=Test&user_name=AUTOMATION_7434_24050850@gmail.com&password=Qr!a123abcd&is_company=false,378,0,225
1684943426854,2625,POST UploadFile,200,OK,Thread Group 01 1-40,text,true,,175,832838,61,61,https://qa-mirro-api.bluerock-8d9edcb3.canadacentral.azurecontainerapps.io/UploadMultipleFiles?meeting_type_id=7,2625,0,0
1684943429479,2953,GET GetProcessedDataList,200,OK,Thread Group 01 1-40,text,true,,204267,298,61,61,https://qa-mirro-api.bluerock-8d9edcb3.canadacentral.azurecontainerapps.io/GetProcessedDataList,2808,0,0
1684943432435,87,GET GetProcessedDataListForParticipants,200,OK,Thread Group 01 1-40,text,true,,5998,356,61,61,https://qa-mirro-api.bluerock-8d9edcb3.canadacentral.azurecontainerapps.io/GetProcessedDataListForParticipants?metrics_processing_events_history_id=28453,87,0,0
1684943432525,383,POST Signup,200,OK,Thread Group 01 1-41,text,true,,439,418,60,60,https://qa-mirro-api.bluerock-8d9edcb3.canadacentral.azurecontainerapps.io/SignUp?first_name=Auto&last_name=Test&user_name=AUTOMATION_3293_24050850@gmail.com&password=Qr!a123abcd&is_company=false,383,0,229
1684943432910,2237,POST UploadFile,200,OK,Thread Group 01 1-41,text,true,,175,832844,60,60,https://qa-mirro-api.bluerock-8d9edcb3.canadacentral.azurecontainerapps.io/UploadMultipleFiles?meeting_type_id=7,2237,0,0
1684943435148,2575,GET GetProcessedDataList,200,OK,Thread Group 01 1-41,text,true,,204267,298,60,60,https://qa-mirro-api.bluerock-8d9edcb3.canadacentral.azurecontainerapps.io/GetProcessedDataList,2422,0,0
1684943437725,86,GET GetProcessedDataListForParticipants,200,OK,Thread Group 01 1-41,text,true,,5998,356,60,60,https://qa-mirro-api.bluerock-8d9edcb3.canadacentral.azurecontainerapps.io/GetProcessedDataListForParticipants?metrics_processing_events_history_id=28454,86,0,0
1684943437814,376,POST Signup,200,OK,Thread Group 01 1-42,text,true,,439,418,59,59,https://qa-mirro-api.bluerock-8d9edcb3.canadacentral.azurecontainerapps.io/SignUp?first_name=Auto&last_name=Test&user_name=AUTOMATION_4603_24050850@gmail.com&password=Qr!a123abcd&is_company=false,376,0,226
1684943438192,2309,POST UploadFile,200,OK,Thread Group 01 1-42,text,true,,175,832850,59,59,https://qa-mirro-api.bluerock-8d9edcb3.canadacentral.azurecontainerapps.io/UploadMultipleFiles?meeting_type_id=7,2309,0,0
1684943440502,2912,GET GetProcessedDataList,200,OK,Thread Group 01 1-42,text,true,,204267,298,59,59,https://qa-mirro-api.bluerock-8d9edcb3.canadacentral.azurecontainerapps.io/GetProcessedDataList,2765,0,0
1684943443417,82,GET GetProcessedDataListForParticipants,200,OK,Thread Group 01 1-42,text,true,,5998,356,59,59,https://qa-mirro-api.bluerock-8d9edcb3.canadacentral.azurecontainerapps.io/GetProcessedDataListForParticipants?metrics_processing_events_history_id=28455,82,0,0
1684943443503,376,POST Signup,200,OK,Thread Group 01 1-43,text,true,,439,418,58,58,https://qa-mirro-api.bluerock-8d9edcb3.canadacentral.azurecontainerapps.io/SignUp?first_name=Auto&last_name=Test&user_name=AUTOMATION_8119_24050850@gmail.com&password=Qr!a123abcd&is_company=false,376,0,226
1684943443880,1810,POST UploadFile,200,OK,Thread Group 01 1-43,text,true,,175,832835,58,58,https://qa-mirro-api.bluerock-8d9edcb3.canadacentral.azurecontainerapps.io/UploadMultipleFiles?meeting_type_id=7,1810,0,0
1684943445691,2774,GET GetProcessedDataList,200,OK,Thread Group 01 1-43,text,true,,204267,298,58,58,https://qa-mirro-api.bluerock-8d9edcb3.canadacentral.azurecontainerapps.io/GetProcessedDataList,2627,0,0
1684943448467,84,GET GetProcessedDataListForParticipants,200,OK,Thread Group 01 1-43,text,true,,5998,356,58,58,https://qa-mirro-api.bluerock-8d9edcb3.canadacentral.azurecontainerapps.io/GetProcessedDataListForParticipants?metrics_processing_events_history_id=28456,84,0,0
1684943448555,377,POST Signup,200,OK,Thread Group 01 1-44,text,true,,439,418,57,57,https://qa-mirro-api.bluerock-8d9edcb3.canadacentral.azurecontainerapps.io/SignUp?first_name=Auto&last_name=Test&user_name=AUTOMATION_8818_24050850@gmail.com&password=Qr!a123abcd&is_company=false,376,0,225
1684943448933,2168,POST UploadFile,200,OK,Thread Group 01 1-44,text,true,,175,832844,57,57,https://qa-mirro-api.bluerock-8d9edcb3.canadacentral.azurecontainerapps.io/UploadMultipleFiles?meeting_type_id=7,2168,0,0
1684943451102,2696,GET GetProcessedDataList,200,OK,Thread Group 01 1-44,text,true,,204267,298,57,57,https://qa-mirro-api.bluerock-8d9edcb3.canadacentral.azurecontainerapps.io/GetProcessedDataList,2549,0,0
1684943453798,83,GET GetProcessedDataListForParticipants,200,OK,Thread Group 01 1-44,text,true,,5998,356,57,57,https://qa-mirro-api.bluerock-8d9edcb3.canadacentral.azurecontainerapps.io/GetProcessedDataListForParticipants?metrics_processing_events_history_id=28457,83,0,0
1684943453885,383,POST Signup,200,OK,Thread Group 01 1-45,text,true,,439,418,56,56,https://qa-mirro-api.bluerock-8d9edcb3.canadacentral.azurecontainerapps.io/SignUp?first_name=Auto&last_name=Test&user_name=AUTOMATION_1671_24050850@gmail.com&password=Qr!a123abcd&is_company=false,383,0,231
1684943454269,1945,POST UploadFile,200,OK,Thread Group 01 1-45,text,true,,175,832841,56,56,https://qa-mirro-api.bluerock-8d9edcb3.canadacentral.azurecontainerapps.io/UploadMultipleFiles?meeting_type_id=7,1945,0,0
1684943456215,2987,GET GetProcessedDataList,200,OK,Thread Group 01 1-45,text,true,,204267,298,56,56,https://qa-mirro-api.bluerock-8d9edcb3.canadacentral.azurecontainerapps.io/GetProcessedDataList,2843,0,0
1684943459203,82,GET GetProcessedDataListForParticipants,200,OK,Thread Group 01 1-45,text,true,,5998,356,56,56,https://qa-mirro-api.bluerock-8d9edcb3.canadacentral.azurecontainerapps.io/GetProcessedDataListForParticipants?metrics_processing_events_history_id=28458,82,0,0
1684943459288,379,POST Signup,200,OK,Thread Group 01 1-46,text,true,,439,418,55,55,https://qa-mirro-api.bluerock-8d9edcb3.canadacentral.azurecontainerapps.io/SignUp?first_name=Auto&last_name=Test&user_name=AUTOMATION_6402_24050850@gmail.com&password=Qr!a123abcd&is_company=false,378,0,229
1684943459668,2308,POST UploadFile,200,OK,Thread Group 01 1-46,text,true,,175,832838,55,55,https://qa-mirro-api.bluerock-8d9edcb3.canadacentral.azurecontainerapps.io/UploadMultipleFiles?meeting_type_id=7,2308,0,0
1684943461979,2630,GET GetProcessedDataList,200,OK,Thread Group 01 1-46,text,true,,204267,298,55,55,https://qa-mirro-api.bluerock-8d9edcb3.canadacentral.azurecontainerapps.io/GetProcessedDataList,2487,0,0
1684943464612,84,GET GetProcessedDataListForParticipants,200,OK,Thread Group 01 1-46,text,true,,5998,356,55,55,https://qa-mirro-api.bluerock-8d9edcb3.canadacentral.azurecontainerapps.io/GetProcessedDataListForParticipants?metrics_processing_events_history_id=28459,84,0,0
1684943464700,375,POST Signup,200,OK,Thread Group 01 1-47,text,true,,439,418,54,54,https://qa-mirro-api.bluerock-8d9edcb3.canadacentral.azurecontainerapps.io/SignUp?first_name=Auto&last_name=Test&user_name=AUTOMATION_8705_24050851@gmail.com&password=Qr!a123abcd&is_company=false,375,0,225
1684943465077,1551,POST UploadFile,200,OK,Thread Group 01 1-47,text,true,,175,832829,54,54,https://qa-mirro-api.bluerock-8d9edcb3.canadacentral.azurecontainerapps.io/UploadMultipleFiles?meeting_type_id=7,1551,0,0
1684943466629,2728,GET GetProcessedDataList,200,OK,Thread Group 01 1-47,text,true,,204267,298,54,54,https://qa-mirro-api.bluerock-8d9edcb3.canadacentral.azurecontainerapps.io/GetProcessedDataList,2587,0,0
1684943469359,83,GET GetProcessedDataListForParticipants,200,OK,Thread Group 01 1-47,text,true,,5998,356,54,54,https://qa-mirro-api.bluerock-8d9edcb3.canadacentral.azurecontainerapps.io/GetProcessedDataListForParticipants?metrics_processing_events_history_id=28460,82,0,0
1684943469445,379,POST Signup,200,OK,Thread Group 01 1-48,text,true,,439,418,53,53,https://qa-mirro-api.bluerock-8d9edcb3.canadacentral.azurecontainerapps.io/SignUp?first_name=Auto&last_name=Test&user_name=AUTOMATION_8210_24050851@gmail.com&password=Qr!a123abcd&is_company=false,379,0,228
1684943469825,1845,POST UploadFile,200,OK,Thread Group 01 1-48,text,true,,175,832844,53,53,https://qa-mirro-api.bluerock-8d9edcb3.canadacentral.azurecontainerapps.io/UploadMultipleFiles?meeting_type_id=7,1845,0,0
1684943471671,2810,GET GetProcessedDataList,200,OK,Thread Group 01 1-48,text,true,,204267,298,53,53,https://qa-mirro-api.bluerock-8d9edcb3.canadacentral.azurecontainerapps.io/GetProcessedDataList,2663,0,0
1684943474482,83,GET GetProcessedDataListForParticipants,200,OK,Thread Group 01 1-48,text,true,,5998,356,53,53,https://qa-mirro-api.bluerock-8d9edcb3.canadacentral.azurecontainerapps.io/GetProcessedDataListForParticipants?metrics_processing_events_history_id=28461,82,0,0
1684943474569,380,POST Signup,200,OK,Thread Group 01 1-49,text,true,,439,418,52,52,https://qa-mirro-api.bluerock-8d9edcb3.canadacentral.azurecontainerapps.io/SignUp?first_name=Auto&last_name=Test&user_name=AUTOMATION_9308_24050851@gmail.com&password=Qr!a123abcd&is_company=false,380,0,223
1684943474950,2080,POST UploadFile,200,OK,Thread Group 01 1-49,text,true,,175,832835,52,52,https://qa-mirro-api.bluerock-8d9edcb3.canadacentral.azurecontainerapps.io/UploadMultipleFiles?meeting_type_id=7,2080,0,0
1684943477030,2772,GET GetProcessedDataList,200,OK,Thread Group 01 1-49,text,true,,204267,298,52,52,https://qa-mirro-api.bluerock-8d9edcb3.canadacentral.azurecontainerapps.io/GetProcessedDataList,2629,0,0
1684943479804,81,GET GetProcessedDataListForParticipants,200,OK,Thread Group 01 1-49,text,true,,5998,356,52,52,https://qa-mirro-api.bluerock-8d9edcb3.canadacentral.azurecontainerapps.io/GetProcessedDataListForParticipants?metrics_processing_events_history_id=28462,81,0,0
1684943479888,380,POST Signup,200,OK,Thread Group 01 1-50,text,true,,439,418,51,51,https://qa-mirro-api.bluerock-8d9edcb3.canadacentral.azurecontainerapps.io/SignUp?first_name=Auto&last_name=Test&user_name=AUTOMATION_2714_24050851@gmail.com&password=Qr!a123abcd&is_company=false,380,0,229
1684943480270,2204,POST UploadFile,200,OK,Thread Group 01 1-50,text,true,,175,832838,51,51,https://qa-mirro-api.bluerock-8d9edcb3.canadacentral.azurecontainerapps.io/UploadMultipleFiles?meeting_type_id=7,2203,0,0
1684943482474,2911,GET GetProcessedDataList,200,OK,Thread Group 01 1-50,text,true,,204267,298,51,51,https://qa-mirro-api.bluerock-8d9edcb3.canadacentral.azurecontainerapps.io/GetProcessedDataList,2767,0,0
1684943485387,84,GET GetProcessedDataListForParticipants,200,OK,Thread Group 01 1-50,text,true,,5998,356,51,51,https://qa-mirro-api.bluerock-8d9edcb3.canadacentral.azurecontainerapps.io/GetProcessedDataListForParticipants?metrics_processing_events_history_id=28463,84,0,0
1684943485474,375,POST Signup,200,OK,Thread Group 01 1-51,text,true,,439,418,50,50,https://qa-mirro-api.bluerock-8d9edcb3.canadacentral.azurecontainerapps.io/SignUp?first_name=Auto&last_name=Test&user_name=AUTOMATION_9562_24050851@gmail.com&password=Qr!a123abcd&is_company=false,375,0,225
1684943485851,2238,POST UploadFile,200,OK,Thread Group 01 1-51,text,true,,175,832823,50,50,https://qa-mirro-api.bluerock-8d9edcb3.canadacentral.azurecontainerapps.io/UploadMultipleFiles?meeting_type_id=7,2238,0,0
1684943488091,2671,GET GetProcessedDataList,200,OK,Thread Group 01 1-51,text,true,,204267,298,50,50,https://qa-mirro-api.bluerock-8d9edcb3.canadacentral.azurecontainerapps.io/GetProcessedDataList,2526,0,0
1684943490766,83,GET GetProcessedDataListForParticipants,200,OK,Thread Group 01 1-51,text,true,,5998,356,50,50,https://qa-mirro-api.bluerock-8d9edcb3.canadacentral.azurecontainerapps.io/GetProcessedDataListForParticipants?metrics_processing_events_history_id=28464,83,0,0
1684943490852,375,POST Signup,200,OK,Thread Group 01 1-52,text,true,,439,418,49,49,https://qa-mirro-api.bluerock-8d9edcb3.canadacentral.azurecontainerapps.io/SignUp?first_name=Auto&last_name=Test&user_name=AUTOMATION_6198_24050851@gmail.com&password=Qr!a123abcd&is_company=false,375,0,224
1684943491229,3312,POST UploadFile,200,OK,Thread Group 01 1-52,text,true,,175,832826,49,49,https://qa-mirro-api.bluerock-8d9edcb3.canadacentral.azurecontainerapps.io/UploadMultipleFiles?meeting_type_id=7,3312,0,0
1684943494541,2877,GET GetProcessedDataList,200,OK,Thread Group 01 1-52,text,true,,204267,298,49,49,https://qa-mirro-api.bluerock-8d9edcb3.canadacentral.azurecontainerapps.io/GetProcessedDataList,2732,0,0
1684943497420,83,GET GetProcessedDataListForParticipants,200,OK,Thread Group 01 1-52,text,true,,5998,356,49,49,https://qa-mirro-api.bluerock-8d9edcb3.canadacentral.azurecontainerapps.io/GetProcessedDataListForParticipants?metrics_processing_events_history_id=28465,83,0,0
1684943497506,370,POST Signup,200,OK,Thread Group 01 1-53,text,true,,439,418,48,48,https://qa-mirro-api.bluerock-8d9edcb3.canadacentral.azurecontainerapps.io/SignUp?first_name=Auto&last_name=Test&user_name=AUTOMATION_6457_24050851@gmail.com&password=Qr!a123abcd&is_company=false,370,0,221
1684943497877,2296,POST UploadFile,200,OK,Thread Group 01 1-53,text,true,,175,832829,48,48,https://qa-mirro-api.bluerock-8d9edcb3.canadacentral.azurecontainerapps.io/UploadMultipleFiles?meeting_type_id=7,2296,0,0
1684943500174,2625,GET GetProcessedDataList,200,OK,Thread Group 01 1-53,text,true,,204267,298,48,48,https://qa-mirro-api.bluerock-8d9edcb3.canadacentral.azurecontainerapps.io/GetProcessedDataList,2482,0,0
1684943502801,83,GET GetProcessedDataListForParticipants,200,OK,Thread Group 01 1-53,text,true,,5998,356,48,48,https://qa-mirro-api.bluerock-8d9edcb3.canadacentral.azurecontainerapps.io/GetProcessedDataListForParticipants?metrics_processing_events_history_id=28466,83,0,0
1684943502888,384,POST Signup,200,OK,Thread Group 01 1-54,text,true,,439,418,47,47,https://qa-mirro-api.bluerock-8d9edcb3.canadacentral.azurecontainerapps.io/SignUp?first_name=Auto&last_name=Test&user_name=AUTOMATION_4279_24050851@gmail.com&password=Qr!a123abcd&is_company=false,384,0,233
1684943503273,1520,POST UploadFile,200,OK,Thread Group 01 1-54,text,true,,175,832823,47,47,https://qa-mirro-api.bluerock-8d9edcb3.canadacentral.azurecontainerapps.io/UploadMultipleFiles?meeting_type_id=7,1520,0,0
1684943504794,2758,GET GetProcessedDataList,200,OK,Thread Group 01 1-54,text,true,,204267,298,47,47,https://qa-mirro-api.bluerock-8d9edcb3.canadacentral.azurecontainerapps.io/GetProcessedDataList,2615,0,0
1684943507554,84,GET GetProcessedDataListForParticipants,200,OK,Thread Group 01 1-54,text,true,,5998,356,47,47,https://qa-mirro-api.bluerock-8d9edcb3.canadacentral.azurecontainerapps.io/GetProcessedDataListForParticipants?metrics_processing_events_history_id=28467,84,0,0
1684943507641,378,POST Signup,200,OK,Thread Group 01 1-55,text,true,,439,418,46,46,https://qa-mirro-api.bluerock-8d9edcb3.canadacentral.azurecontainerapps.io/SignUp?first_name=Auto&last_name=Test&user_name=AUTOMATION_9332_24050851@gmail.com&password=Qr!a123abcd&is_company=false,378,0,227
1684943508021,2803,POST UploadFile,200,OK,Thread Group 01 1-55,text,true,,175,832850,46,46,https://qa-mirro-api.bluerock-8d9edcb3.canadacentral.azurecontainerapps.io/UploadMultipleFiles?meeting_type_id=7,2803,0,0
1684943510825,2688,GET GetProcessedDataList,200,OK,Thread Group 01 1-55,text,true,,204267,298,46,46,https://qa-mirro-api.bluerock-8d9edcb3.canadacentral.azurecontainerapps.io/GetProcessedDataList,2546,0,0
1684943513514,82,GET GetProcessedDataListForParticipants,200,OK,Thread Group 01 1-55,text,true,,5998,356,46,46,https://qa-mirro-api.bluerock-8d9edcb3.canadacentral.azurecontainerapps.io/GetProcessedDataListForParticipants?metrics_processing_events_history_id=28468,82,0,0
1684943513599,376,POST Signup,200,OK,Thread Group 01 1-56,text,true,,439,418,45,45,https://qa-mirro-api.bluerock-8d9edcb3.canadacentral.azurecontainerapps.io/SignUp?first_name=Auto&last_name=Test&user_name=AUTOMATION_9265_24050851@gmail.com&password=Qr!a123abcd&is_company=false,376,0,226
1684943513976,2576,POST UploadFile,200,OK,Thread Group 01 1-56,text,true,,175,832850,45,45,https://qa-mirro-api.bluerock-8d9edcb3.canadacentral.azurecontainerapps.io/UploadMultipleFiles?meeting_type_id=7,2576,0,0
1684943516553,2660,GET GetProcessedDataList,200,OK,Thread Group 01 1-56,text,true,,204267,298,45,45,https://qa-mirro-api.bluerock-8d9edcb3.canadacentral.azurecontainerapps.io/GetProcessedDataList,2512,0,0
1684943519214,84,GET GetProcessedDataListForParticipants,200,OK,Thread Group 01 1-56,text,true,,5998,356,45,45,https://qa-mirro-api.bluerock-8d9edcb3.canadacentral.azurecontainerapps.io/GetProcessedDataListForParticipants?metrics_processing_events_history_id=28469,84,0,0
1684943519300,373,POST Signup,200,OK,Thread Group 01 1-57,text,true,,439,418,44,44,https://qa-mirro-api.bluerock-8d9edcb3.canadacentral.azurecontainerapps.io/SignUp?first_name=Auto&last_name=Test&user_name=AUTOMATION_0143_24050851@gmail.com&password=Qr!a123abcd&is_company=false,373,0,223
1684943519675,2119,POST UploadFile,200,OK,Thread Group 01 1-57,text,true,,175,832838,44,44,https://qa-mirro-api.bluerock-8d9edcb3.canadacentral.azurecontainerapps.io/UploadMultipleFiles?meeting_type_id=7,2119,0,0
1684943521797,2681,GET GetProcessedDataList,200,OK,Thread Group 01 1-57,text,true,,204267,298,44,44,https://qa-mirro-api.bluerock-8d9edcb3.canadacentral.azurecontainerapps.io/GetProcessedDataList,2537,0,0
1684943524479,87,GET GetProcessedDataListForParticipants,200,OK,Thread Group 01 1-57,text,true,,5998,356,44,44,https://qa-mirro-api.bluerock-8d9edcb3.canadacentral.azurecontainerapps.io/GetProcessedDataListForParticipants?metrics_processing_events_history_id=28470,87,0,0
1684943524569,375,POST Signup,200,OK,Thread Group 01 1-58,text,true,,439,418,43,43,https://qa-mirro-api.bluerock-8d9edcb3.canadacentral.azurecontainerapps.io/SignUp?first_name=Auto&last_name=Test&user_name=AUTOMATION_2696_24050852@gmail.com&password=Qr!a123abcd&is_company=false,375,0,224
1684943524946,2334,POST UploadFile,200,OK,Thread Group 01 1-58,text,true,,175,832838,43,43,https://qa-mirro-api.bluerock-8d9edcb3.canadacentral.azurecontainerapps.io/UploadMultipleFiles?meeting_type_id=7,2334,0,0
1684943527281,2995,GET GetProcessedDataList,200,OK,Thread Group 01 1-58,text,true,,204267,298,43,43,https://qa-mirro-api.bluerock-8d9edcb3.canadacentral.azurecontainerapps.io/GetProcessedDataList,2853,0,0
1684943530278,84,GET GetProcessedDataListForParticipants,200,OK,Thread Group 01 1-58,text,true,,5998,356,43,43,https://qa-mirro-api.bluerock-8d9edcb3.canadacentral.azurecontainerapps.io/GetProcessedDataListForParticipants?metrics_processing_events_history_id=28471,84,0,0
1684943530367,370,POST Signup,200,OK,Thread Group 01 1-59,text,true,,439,418,42,42,https://qa-mirro-api.bluerock-8d9edcb3.canadacentral.azurecontainerapps.io/SignUp?first_name=Auto&last_name=Test&user_name=AUTOMATION_1775_24050852@gmail.com&password=Qr!a123abcd&is_company=false,370,0,222
1684943530738,2085,POST UploadFile,200,OK,Thread Group 01 1-59,text,true,,175,832838,42,42,https://qa-mirro-api.bluerock-8d9edcb3.canadacentral.azurecontainerapps.io/UploadMultipleFiles?meeting_type_id=7,2085,0,0
1684943532825,2817,GET GetProcessedDataList,200,OK,Thread Group 01 1-59,text,true,,204267,298,42,42,https://qa-mirro-api.bluerock-8d9edcb3.canadacentral.azurecontainerapps.io/GetProcessedDataList,2670,0,0
1684943535652,84,GET GetProcessedDataListForParticipants,200,OK,Thread Group 01 1-59,text,true,,5998,356,42,42,https://qa-mirro-api.bluerock-8d9edcb3.canadacentral.azurecontainerapps.io/GetProcessedDataListForParticipants?metrics_processing_events_history_id=28472,84,0,0
1684943535753,377,POST Signup,200,OK,Thread Group 01 1-60,text,true,,439,418,41,41,https://qa-mirro-api.bluerock-8d9edcb3.canadacentral.azurecontainerapps.io/SignUp?first_name=Auto&last_name=Test&user_name=AUTOMATION_0806_24050852@gmail.com&password=Qr!a123abcd&is_company=false,377,0,226
1684943536131,1542,POST UploadFile,200,OK,Thread Group 01 1-60,text,true,,175,832838,41,41,https://qa-mirro-api.bluerock-8d9edcb3.canadacentral.azurecontainerapps.io/UploadMultipleFiles?meeting_type_id=7,1542,0,0
1684943537674,2822,GET GetProcessedDataList,200,OK,Thread Group 01 1-60,text,true,,204267,298,41,41,https://qa-mirro-api.bluerock-8d9edcb3.canadacentral.azurecontainerapps.io/GetProcessedDataList,2679,0,0
1684943540497,82,GET GetProcessedDataListForParticipants,200,OK,Thread Group 01 1-60,text,true,,5998,356,41,41,https://qa-mirro-api.bluerock-8d9edcb3.canadacentral.azurecontainerapps.io/GetProcessedDataListForParticipants?metrics_processing_events_history_id=28473,82,0,0
1684943540582,380,POST Signup,200,OK,Thread Group 01 1-61,text,true,,439,418,40,40,https://qa-mirro-api.bluerock-8d9edcb3.canadacentral.azurecontainerapps.io/SignUp?first_name=Auto&last_name=Test&user_name=AUTOMATION_6636_24050852@gmail.com&password=Qr!a123abcd&is_company=false,380,0,229
1684943540963,1607,POST UploadFile,200,OK,Thread Group 01 1-61,text,true,,175,832826,40,40,https://qa-mirro-api.bluerock-8d9edcb3.canadacentral.azurecontainerapps.io/UploadMultipleFiles?meeting_type_id=7,1607,0,0
1684943542571,2723,GET GetProcessedDataList,200,OK,Thread Group 01 1-61,text,true,,204267,298,40,40,https://qa-mirro-api.bluerock-8d9edcb3.canadacentral.azurecontainerapps.io/GetProcessedDataList,2580,0,0
1684943545295,85,GET GetProcessedDataListForParticipants,200,OK,Thread Group 01 1-61,text,true,,5998,356,40,40,https://qa-mirro-api.bluerock-8d9edcb3.canadacentral.azurecontainerapps.io/GetProcessedDataListForParticipants?metrics_processing_events_history_id=28474,85,0,0
1684943545382,383,POST Signup,200,OK,Thread Group 01 1-62,text,true,,439,418,39,39,https://qa-mirro-api.bluerock-8d9edcb3.canadacentral.azurecontainerapps.io/SignUp?first_name=Auto&last_name=Test&user_name=AUTOMATION_4445_24050852@gmail.com&password=Qr!a123abcd&is_company=false,383,0,229
1684943545766,2103,POST UploadFile,200,OK,Thread Group 01 1-62,text,true,,175,832853,39,39,https://qa-mirro-api.bluerock-8d9edcb3.canadacentral.azurecontainerapps.io/UploadMultipleFiles?meeting_type_id=7,2103,0,0
1684943547870,2770,GET GetProcessedDataList,200,OK,Thread Group 01 1-62,text,true,,204267,298,39,39,https://qa-mirro-api.bluerock-8d9edcb3.canadacentral.azurecontainerapps.io/GetProcessedDataList,2623,0,0
1684943550642,83,GET GetProcessedDataListForParticipants,200,OK,Thread Group 01 1-62,text,true,,5998,356,39,39,https://qa-mirro-api.bluerock-8d9edcb3.canadacentral.azurecontainerapps.io/GetProcessedDataListForParticipants?metrics_processing_events_history_id=28475,83,0,0
1684943550729,380,POST Signup,200,OK,Thread Group 01 1-63,text,true,,439,418,38,38,https://qa-mirro-api.bluerock-8d9edcb3.canadacentral.azurecontainerapps.io/SignUp?first_name=Auto&last_name=Test&user_name=AUTOMATION_5284_24050852@gmail.com&password=Qr!a123abcd&is_company=false,380,0,228
1684943551111,2537,POST UploadFile,200,OK,Thread Group 01 1-63,text,true,,175,832835,38,38,https://qa-mirro-api.bluerock-8d9edcb3.canadacentral.azurecontainerapps.io/UploadMultipleFiles?meeting_type_id=7,2537,0,0
1684943553649,2865,GET GetProcessedDataList,200,OK,Thread Group 01 1-63,text,true,,204267,298,38,38,https://qa-mirro-api.bluerock-8d9edcb3.canadacentral.azurecontainerapps.io/GetProcessedDataList,2722,0,0
1684943556515,101,GET GetProcessedDataListForParticipants,200,OK,Thread Group 01 1-63,text,true,,5998,356,38,38,https://qa-mirro-api.bluerock-8d9edcb3.canadacentral.azurecontainerapps.io/GetProcessedDataListForParticipants?metrics_processing_events_history_id=28476,101,0,0
1684943556621,377,POST Signup,200,OK,Thread Group 01 1-64,text,true,,439,418,37,37,https://qa-mirro-api.bluerock-8d9edcb3.canadacentral.azurecontainerapps.io/SignUp?first_name=Auto&last_name=Test&user_name=AUTOMATION_8007_24050852@gmail.com&password=Qr!a123abcd&is_company=false,377,0,224
1684943556999,1897,POST UploadFile,200,OK,Thread Group 01 1-64,text,true,,175,832838,37,37,https://qa-mirro-api.bluerock-8d9edcb3.canadacentral.azurecontainerapps.io/UploadMultipleFiles?meeting_type_id=7,1897,0,0
1684943558898,2772,GET GetProcessedDataList,200,OK,Thread Group 01 1-64,text,true,,204267,298,37,37,https://qa-mirro-api.bluerock-8d9edcb3.canadacentral.azurecontainerapps.io/GetProcessedDataList,2629,0,0
1684943561671,81,GET GetProcessedDataListForParticipants,200,OK,Thread Group 01 1-64,text,true,,5998,356,37,37,https://qa-mirro-api.bluerock-8d9edcb3.canadacentral.azurecontainerapps.io/GetProcessedDataListForParticipants?metrics_processing_events_history_id=28477,81,0,0
1684943561756,380,POST Signup,200,OK,Thread Group 01 1-65,text,true,,439,418,36,36,https://qa-mirro-api.bluerock-8d9edcb3.canadacentral.azurecontainerapps.io/SignUp?first_name=Auto&last_name=Test&user_name=AUTOMATION_4920_24050852@gmail.com&password=Qr!a123abcd&is_company=false,380,0,230
1684943562136,2118,POST UploadFile,200,OK,Thread Group 01 1-65,text,true,,175,832835,36,36,https://qa-mirro-api.bluerock-8d9edcb3.canadacentral.azurecontainerapps.io/UploadMultipleFiles?meeting_type_id=7,2118,0,0
1684943564255,3131,GET GetProcessedDataList,200,OK,Thread Group 01 1-65,text,true,,204267,298,36,36,https://qa-mirro-api.bluerock-8d9edcb3.canadacentral.azurecontainerapps.io/GetProcessedDataList,2987,0,0
1684943567388,83,GET GetProcessedDataListForParticipants,200,OK,Thread Group 01 1-65,text,true,,5998,356,36,36,https://qa-mirro-api.bluerock-8d9edcb3.canadacentral.azurecontainerapps.io/GetProcessedDataListForParticipants?metrics_processing_events_history_id=28478,83,0,0
1684943567474,379,POST Signup,200,OK,Thread Group 01 1-66,text,true,,439,418,35,35,https://qa-mirro-api.bluerock-8d9edcb3.canadacentral.azurecontainerapps.io/SignUp?first_name=Auto&last_name=Test&user_name=AUTOMATION_0028_24050852@gmail.com&password=Qr!a123abcd&is_company=false,379,0,227
1684943567854,2733,POST UploadFile,200,OK,Thread Group 01 1-66,text,true,,175,832847,35,35,https://qa-mirro-api.bluerock-8d9edcb3.canadacentral.azurecontainerapps.io/UploadMultipleFiles?meeting_type_id=7,2733,0,0
1684943570587,2822,GET GetProcessedDataList,200,OK,Thread Group 01 1-66,text,true,,204267,298,35,35,https://qa-mirro-api.bluerock-8d9edcb3.canadacentral.azurecontainerapps.io/GetProcessedDataList,2678,0,0
1684943573411,83,GET GetProcessedDataListForParticipants,200,OK,Thread Group 01 1-66,text,true,,5998,356,35,35,https://qa-mirro-api.bluerock-8d9edcb3.canadacentral.azurecontainerapps.io/GetProcessedDataListForParticipants?metrics_processing_events_history_id=28479,83,0,0
1684943573498,373,POST Signup,200,OK,Thread Group 01 1-67,text,true,,439,418,34,34,https://qa-mirro-api.bluerock-8d9edcb3.canadacentral.azurecontainerapps.io/SignUp?first_name=Auto&last_name=Test&user_name=AUTOMATION_5876_24050852@gmail.com&password=Qr!a123abcd&is_company=false,373,0,224
1684943573872,1578,POST UploadFile,200,OK,Thread Group 01 1-67,text,true,,175,832829,34,34,https://qa-mirro-api.bluerock-8d9edcb3.canadacentral.azurecontainerapps.io/UploadMultipleFiles?meeting_type_id=7,1578,0,0
1684943575451,3035,GET GetProcessedDataList,200,OK,Thread Group 01 1-67,text,true,,204267,298,34,34,https://qa-mirro-api.bluerock-8d9edcb3.canadacentral.azurecontainerapps.io/GetProcessedDataList,2892,0,0
1684943578487,81,GET GetProcessedDataListForParticipants,200,OK,Thread Group 01 1-67,text,true,,5998,356,34,34,https://qa-mirro-api.bluerock-8d9edcb3.canadacentral.azurecontainerapps.io/GetProcessedDataListForParticipants?metrics_processing_events_history_id=28480,81,0,0
1684943578572,380,POST Signup,200,OK,Thread Group 01 1-68,text,true,,439,418,33,33,https://qa-mirro-api.bluerock-8d9edcb3.canadacentral.azurecontainerapps.io/SignUp?first_name=Auto&last_name=Test&user_name=AUTOMATION_5383_24050852@gmail.com&password=Qr!a123abcd&is_company=false,380,0,227
1684943578954,2643,POST UploadFile,200,OK,Thread Group 01 1-68,text,true,,175,832829,33,33,https://qa-mirro-api.bluerock-8d9edcb3.canadacentral.azurecontainerapps.io/UploadMultipleFiles?meeting_type_id=7,2643,0,0
1684943581599,2699,GET GetProcessedDataList,200,OK,Thread Group 01 1-68,text,true,,204267,298,33,33,https://qa-mirro-api.bluerock-8d9edcb3.canadacentral.azurecontainerapps.io/GetProcessedDataList,2551,0,0
1684943584300,83,GET GetProcessedDataListForParticipants,200,OK,Thread Group 01 1-68,text,true,,5998,356,33,33,https://qa-mirro-api.bluerock-8d9edcb3.canadacentral.azurecontainerapps.io/GetProcessedDataListForParticipants?metrics_processing_events_history_id=28481,83,0,0
1684943584385,378,POST Signup,200,OK,Thread Group 01 1-69,text,true,,439,418,32,32,https://qa-mirro-api.bluerock-8d9edcb3.canadacentral.azurecontainerapps.io/SignUp?first_name=Auto&last_name=Test&user_name=AUTOMATION_7772_24050853@gmail.com&password=Qr!a123abcd&is_company=false,378,0,226
1684943584765,2656,POST UploadFile,200,OK,Thread Group 01 1-69,text,true,,175,832823,32,32,https://qa-mirro-api.bluerock-8d9edcb3.canadacentral.azurecontainerapps.io/UploadMultipleFiles?meeting_type_id=7,2656,0,0
1684943587423,2979,GET GetProcessedDataList,200,OK,Thread Group 01 1-69,text,true,,204267,298,32,32,https://qa-mirro-api.bluerock-8d9edcb3.canadacentral.azurecontainerapps.io/GetProcessedDataList,2832,0,0
1684943590403,82,GET GetProcessedDataListForParticipants,200,OK,Thread Group 01 1-69,text,true,,5998,356,32,32,https://qa-mirro-api.bluerock-8d9edcb3.canadacentral.azurecontainerapps.io/GetProcessedDataListForParticipants?metrics_processing_events_history_id=28482,82,0,0
1684943590487,381,POST Signup,200,OK,Thread Group 01 1-70,text,true,,439,418,31,31,https://qa-mirro-api.bluerock-8d9edcb3.canadacentral.azurecontainerapps.io/SignUp?first_name=Auto&last_name=Test&user_name=AUTOMATION_3648_24050853@gmail.com&password=Qr!a123abcd&is_company=false,380,0,232
1684943590868,2308,POST UploadFile,200,OK,Thread Group 01 1-70,text,true,,175,832850,31,31,https://qa-mirro-api.bluerock-8d9edcb3.canadacentral.azurecontainerapps.io/UploadMultipleFiles?meeting_type_id=7,2308,0,0
1684943593176,2947,GET GetProcessedDataList,200,OK,Thread Group 01 1-70,text,true,,204267,298,31,31,https://qa-mirro-api.bluerock-8d9edcb3.canadacentral.azurecontainerapps.io/GetProcessedDataList,2804,0,0
1684943596124,81,GET GetProcessedDataListForParticipants,200,OK,Thread Group 01 1-70,text,true,,5998,356,31,31,https://qa-mirro-api.bluerock-8d9edcb3.canadacentral.azurecontainerapps.io/GetProcessedDataListForParticipants?metrics_processing_events_history_id=28483,81,0,0
1684943596209,375,POST Signup,200,OK,Thread Group 01 1-71,text,true,,439,418,30,30,https://qa-mirro-api.bluerock-8d9edcb3.canadacentral.azurecontainerapps.io/SignUp?first_name=Auto&last_name=Test&user_name=AUTOMATION_2379_24050853@gmail.com&password=Qr!a123abcd&is_company=false,375,0,223
1684943596585,2248,POST UploadFile,200,OK,Thread Group 01 1-71,text,true,,175,832841,30,30,https://qa-mirro-api.bluerock-8d9edcb3.canadacentral.azurecontainerapps.io/UploadMultipleFiles?meeting_type_id=7,2248,0,0
1684943598834,2713,GET GetProcessedDataList,200,OK,Thread Group 01 1-71,text,true,,204267,298,30,30,https://qa-mirro-api.bluerock-8d9edcb3.canadacentral.azurecontainerapps.io/GetProcessedDataList,2566,0,0
1684943601548,82,GET GetProcessedDataListForParticipants,200,OK,Thread Group 01 1-71,text,true,,5998,356,30,30,https://qa-mirro-api.bluerock-8d9edcb3.canadacentral.azurecontainerapps.io/GetProcessedDataListForParticipants?metrics_processing_events_history_id=28484,82,0,0
1684943601634,399,POST Signup,200,OK,Thread Group 01 1-72,text,true,,439,418,29,29,https://qa-mirro-api.bluerock-8d9edcb3.canadacentral.azurecontainerapps.io/SignUp?first_name=Auto&last_name=Test&user_name=AUTOMATION_1452_24050853@gmail.com&password=Qr!a123abcd&is_company=false,399,0,247
1684943602034,1545,POST UploadFile,200,OK,Thread Group 01 1-72,text,true,,175,832826,29,29,https://qa-mirro-api.bluerock-8d9edcb3.canadacentral.azurecontainerapps.io/UploadMultipleFiles?meeting_type_id=7,1545,0,0
1684943603581,2690,GET GetProcessedDataList,200,OK,Thread Group 01 1-72,text,true,,204267,298,29,29,https://qa-mirro-api.bluerock-8d9edcb3.canadacentral.azurecontainerapps.io/GetProcessedDataList,2547,0,0
1684943606273,83,GET GetProcessedDataListForParticipants,200,OK,Thread Group 01 1-72,text,true,,5998,356,29,29,https://qa-mirro-api.bluerock-8d9edcb3.canadacentral.azurecontainerapps.io/GetProcessedDataListForParticipants?metrics_processing_events_history_id=28485,83,0,0
1684943606360,377,POST Signup,200,OK,Thread Group 01 1-73,text,true,,439,418,28,28,https://qa-mirro-api.bluerock-8d9edcb3.canadacentral.azurecontainerapps.io/SignUp?first_name=Auto&last_name=Test&user_name=AUTOMATION_0005_24050853@gmail.com&password=Qr!a123abcd&is_company=false,377,0,226
1684943606738,1562,POST UploadFile,200,OK,Thread Group 01 1-73,text,true,,175,832832,28,28,https://qa-mirro-api.bluerock-8d9edcb3.canadacentral.azurecontainerapps.io/UploadMultipleFiles?meeting_type_id=7,1562,0,0
1684943608301,3077,GET GetProcessedDataList,200,OK,Thread Group 01 1-73,text,true,,204267,298,28,28,https://qa-mirro-api.bluerock-8d9edcb3.canadacentral.azurecontainerapps.io/GetProcessedDataList,2928,0,0
1684943611382,87,GET GetProcessedDataListForParticipants,200,OK,Thread Group 01 1-73,text,true,,5998,356,28,28,https://qa-mirro-api.bluerock-8d9edcb3.canadacentral.azurecontainerapps.io/GetProcessedDataListForParticipants?metrics_processing_events_history_id=28486,87,0,0
1684943611472,372,POST Signup,200,OK,Thread Group 01 1-74,text,true,,439,418,27,27,https://qa-mirro-api.bluerock-8d9edcb3.canadacentral.azurecontainerapps.io/SignUp?first_name=Auto&last_name=Test&user_name=AUTOMATION_3947_24050853@gmail.com&password=Qr!a123abcd&is_company=false,372,0,220
1684943611845,1546,POST UploadFile,200,OK,Thread Group 01 1-74,text,true,,175,832841,27,27,https://qa-mirro-api.bluerock-8d9edcb3.canadacentral.azurecontainerapps.io/UploadMultipleFiles?meeting_type_id=7,1546,0,0
1684943613392,3179,GET GetProcessedDataList,200,OK,Thread Group 01 1-74,text,true,,204267,298,27,27,https://qa-mirro-api.bluerock-8d9edcb3.canadacentral.azurecontainerapps.io/GetProcessedDataList,3076,0,0
1684943616572,92,GET GetProcessedDataListForParticipants,200,OK,Thread Group 01 1-74,text,true,,5998,356,27,27,https://qa-mirro-api.bluerock-8d9edcb3.canadacentral.azurecontainerapps.io/GetProcessedDataListForParticipants?metrics_processing_events_history_id=28487,92,0,0
1684943616667,386,POST Signup,200,OK,Thread Group 01 1-75,text,true,,439,418,26,26,https://qa-mirro-api.bluerock-8d9edcb3.canadacentral.azurecontainerapps.io/SignUp?first_name=Auto&last_name=Test&user_name=AUTOMATION_8492_24050853@gmail.com&password=Qr!a123abcd&is_company=false,386,0,234
1684943617054,2224,POST UploadFile,200,OK,Thread Group 01 1-75,text,true,,175,832838,26,26,https://qa-mirro-api.bluerock-8d9edcb3.canadacentral.azurecontainerapps.io/UploadMultipleFiles?meeting_type_id=7,2224,0,0
1684943619280,3324,GET GetProcessedDataList,200,OK,Thread Group 01 1-75,text,true,,204267,298,26,26,https://qa-mirro-api.bluerock-8d9edcb3.canadacentral.azurecontainerapps.io/GetProcessedDataList,3178,0,0
1684943622605,93,GET GetProcessedDataListForParticipants,200,OK,Thread Group 01 1-75,text,true,,5998,356,26,26,https://qa-mirro-api.bluerock-8d9edcb3.canadacentral.azurecontainerapps.io/GetProcessedDataListForParticipants?metrics_processing_events_history_id=28488,93,0,0
1684943622701,376,POST Signup,200,OK,Thread Group 01 1-76,text,true,,439,418,25,25,https://qa-mirro-api.bluerock-8d9edcb3.canadacentral.azurecontainerapps.io/SignUp?first_name=Auto&last_name=Test&user_name=AUTOMATION_0605_24050853@gmail.com&password=Qr!a123abcd&is_company=false,376,0,225
1684943623078,2108,POST UploadFile,200,OK,Thread Group 01 1-76,text,true,,175,832850,25,25,https://qa-mirro-api.bluerock-8d9edcb3.canadacentral.azurecontainerapps.io/UploadMultipleFiles?meeting_type_id=7,2108,0,0
1684943625186,2734,GET GetProcessedDataList,200,OK,Thread Group 01 1-76,text,true,,204267,298,25,25,https://qa-mirro-api.bluerock-8d9edcb3.canadacentral.azurecontainerapps.io/GetProcessedDataList,2584,0,0
1684943627921,87,GET GetProcessedDataListForParticipants,200,OK,Thread Group 01 1-76,text,true,,5998,356,25,25,https://qa-mirro-api.bluerock-8d9edcb3.canadacentral.azurecontainerapps.io/GetProcessedDataListForParticipants?metrics_processing_events_history_id=28489,86,0,0
1684943628010,382,POST Signup,200,OK,Thread Group 01 1-77,text,true,,439,418,24,24,https://qa-mirro-api.bluerock-8d9edcb3.canadacentral.azurecontainerapps.io/SignUp?first_name=Auto&last_name=Test&user_name=AUTOMATION_4379_24050853@gmail.com&password=Qr!a123abcd&is_company=false,382,0,231
1684943628393,2720,POST UploadFile,200,OK,Thread Group 01 1-77,text,true,,175,832835,24,24,https://qa-mirro-api.bluerock-8d9edcb3.canadacentral.azurecontainerapps.io/UploadMultipleFiles?meeting_type_id=7,2720,0,0
1684943631114,3070,GET GetProcessedDataList,200,OK,Thread Group 01 1-77,text,true,,204267,298,24,24,https://qa-mirro-api.bluerock-8d9edcb3.canadacentral.azurecontainerapps.io/GetProcessedDataList,2923,0,0
1684943634187,124,GET GetProcessedDataListForParticipants,200,OK,Thread Group 01 1-77,text,true,,5998,356,24,24,https://qa-mirro-api.bluerock-8d9edcb3.canadacentral.azurecontainerapps.io/GetProcessedDataListForParticipants?metrics_processing_events_history_id=28490,124,0,0
1684943634314,381,POST Signup,200,OK,Thread Group 01 1-78,text,true,,439,418,23,23,https://qa-mirro-api.bluerock-8d9edcb3.canadacentral.azurecontainerapps.io/SignUp?first_name=Auto&last_name=Test&user_name=AUTOMATION_5944_24050853@gmail.com&password=Qr!a123abcd&is_company=false,381,0,231
1684943634696,1728,POST UploadFile,200,OK,Thread Group 01 1-78,text,true,,175,832835,23,23,https://qa-mirro-api.bluerock-8d9edcb3.canadacentral.azurecontainerapps.io/UploadMultipleFiles?meeting_type_id=7,1728,0,0
1684943636425,3079,GET GetProcessedDataList,200,OK,Thread Group 01 1-78,text,true,,204267,298,23,23,https://qa-mirro-api.bluerock-8d9edcb3.canadacentral.azurecontainerapps.io/GetProcessedDataList,2926,0,0
1684943639505,136,GET GetProcessedDataListForParticipants,200,OK,Thread Group 01 1-78,text,true,,5998,356,23,23,https://qa-mirro-api.bluerock-8d9edcb3.canadacentral.azurecontainerapps.io/GetProcessedDataListForParticipants?metrics_processing_events_history_id=28491,136,0,0
1684943639643,370,POST Signup,200,OK,Thread Group 01 1-79,text,true,,439,418,22,22,https://qa-mirro-api.bluerock-8d9edcb3.canadacentral.azurecontainerapps.io/SignUp?first_name=Auto&last_name=Test&user_name=AUTOMATION_1546_24050853@gmail.com&password=Qr!a123abcd&is_company=false,369,0,221
1684943640016,2268,POST UploadFile,200,OK,Thread Group 01 1-79,text,true,,175,832850,22,22,https://qa-mirro-api.bluerock-8d9edcb3.canadacentral.azurecontainerapps.io/UploadMultipleFiles?meeting_type_id=7,2268,0,0
1684943642285,3162,GET GetProcessedDataList,200,OK,Thread Group 01 1-79,text,true,,204267,298,22,22,https://qa-mirro-api.bluerock-8d9edcb3.canadacentral.azurecontainerapps.io/GetProcessedDataList,3020,0,0
1684943645448,157,GET GetProcessedDataListForParticipants,200,OK,Thread Group 01 1-79,text,true,,5998,356,22,22,https://qa-mirro-api.bluerock-8d9edcb3.canadacentral.azurecontainerapps.io/GetProcessedDataListForParticipants?metrics_processing_events_history_id=28492,157,0,0
1684943645609,380,POST Signup,200,OK,Thread Group 01 1-80,text,true,,439,418,21,21,https://qa-mirro-api.bluerock-8d9edcb3.canadacentral.azurecontainerapps.io/SignUp?first_name=Auto&last_name=Test&user_name=AUTOMATION_1826_24050854@gmail.com&password=Qr!a123abcd&is_company=false,380,0,229
1684943645991,1868,POST UploadFile,200,OK,Thread Group 01 1-80,text,true,,175,832841,21,21,https://qa-mirro-api.bluerock-8d9edcb3.canadacentral.azurecontainerapps.io/UploadMultipleFiles?meeting_type_id=7,1868,0,0
1684943647860,3022,GET GetProcessedDataList,200,OK,Thread Group 01 1-80,text,true,,204267,298,21,21,https://qa-mirro-api.bluerock-8d9edcb3.canadacentral.azurecontainerapps.io/GetProcessedDataList,2872,0,0
1684943650885,118,GET GetProcessedDataListForParticipants,200,OK,Thread Group 01 1-80,text,true,,5998,356,21,21,https://qa-mirro-api.bluerock-8d9edcb3.canadacentral.azurecontainerapps.io/GetProcessedDataListForParticipants?metrics_processing_events_history_id=28493,118,0,0
1684943651006,374,POST Signup,200,OK,Thread Group 01 1-81,text,true,,439,418,20,20,https://qa-mirro-api.bluerock-8d9edcb3.canadacentral.azurecontainerapps.io/SignUp?first_name=Auto&last_name=Test&user_name=AUTOMATION_5504_24050854@gmail.com&password=Qr!a123abcd&is_company=false,373,0,224
1684943651382,2092,POST UploadFile,200,OK,Thread Group 01 1-81,text,true,,175,832844,20,20,https://qa-mirro-api.bluerock-8d9edcb3.canadacentral.azurecontainerapps.io/UploadMultipleFiles?meeting_type_id=7,2092,0,0
1684943653475,3155,GET GetProcessedDataList,200,OK,Thread Group 01 1-81,text,true,,204267,298,20,20,https://qa-mirro-api.bluerock-8d9edcb3.canadacentral.azurecontainerapps.io/GetProcessedDataList,3007,0,0
1684943656631,84,GET GetProcessedDataListForParticipants,200,OK,Thread Group 01 1-81,text,true,,5998,356,20,20,https://qa-mirro-api.bluerock-8d9edcb3.canadacentral.azurecontainerapps.io/GetProcessedDataListForParticipants?metrics_processing_events_history_id=28494,84,0,0
1684943656717,381,POST Signup,200,OK,Thread Group 01 1-82,text,true,,439,418,19,19,https://qa-mirro-api.bluerock-8d9edcb3.canadacentral.azurecontainerapps.io/SignUp?first_name=Auto&last_name=Test&user_name=AUTOMATION_4376_24050854@gmail.com&password=Qr!a123abcd&is_company=false,381,0,228
1684943657099,2055,POST UploadFile,200,OK,Thread Group 01 1-82,text,true,,175,832853,19,19,https://qa-mirro-api.bluerock-8d9edcb3.canadacentral.azurecontainerapps.io/UploadMultipleFiles?meeting_type_id=7,2055,0,0
1684943659155,3161,GET GetProcessedDataList,200,OK,Thread Group 01 1-82,text,true,,204267,298,19,19,https://qa-mirro-api.bluerock-8d9edcb3.canadacentral.azurecontainerapps.io/GetProcessedDataList,3018,0,0
1684943662318,86,GET GetProcessedDataListForParticipants,200,OK,Thread Group 01 1-82,text,true,,5998,356,19,19,https://qa-mirro-api.bluerock-8d9edcb3.canadacentral.azurecontainerapps.io/GetProcessedDataListForParticipants?metrics_processing_events_history_id=28495,86,0,0
1684943662407,397,POST Signup,200,OK,Thread Group 01 1-83,text,true,,439,418,18,18,https://qa-mirro-api.bluerock-8d9edcb3.canadacentral.azurecontainerapps.io/SignUp?first_name=Auto&last_name=Test&user_name=AUTOMATION_6611_24050854@gmail.com&password=Qr!a123abcd&is_company=false,397,0,227
1684943662806,2149,POST UploadFile,200,OK,Thread Group 01 1-83,text,true,,175,832829,18,18,https://qa-mirro-api.bluerock-8d9edcb3.canadacentral.azurecontainerapps.io/UploadMultipleFiles?meeting_type_id=7,2149,0,0
1684943664956,2718,GET GetProcessedDataList,200,OK,Thread Group 01 1-83,text,true,,204267,298,18,18,https://qa-mirro-api.bluerock-8d9edcb3.canadacentral.azurecontainerapps.io/GetProcessedDataList,2574,0,0
1684943667675,81,GET GetProcessedDataListForParticipants,200,OK,Thread Group 01 1-83,text,true,,5998,356,18,18,https://qa-mirro-api.bluerock-8d9edcb3.canadacentral.azurecontainerapps.io/GetProcessedDataListForParticipants?metrics_processing_events_history_id=28496,81,0,0
1684943667760,397,POST Signup,200,OK,Thread Group 01 1-84,text,true,,439,418,17,17,https://qa-mirro-api.bluerock-8d9edcb3.canadacentral.azurecontainerapps.io/SignUp?first_name=Auto&last_name=Test&user_name=AUTOMATION_8542_24050854@gmail.com&password=Qr!a123abcd&is_company=false,397,0,221
1684943668158,2097,POST UploadFile,200,OK,Thread Group 01 1-84,text,true,,175,832838,17,17,https://qa-mirro-api.bluerock-8d9edcb3.canadacentral.azurecontainerapps.io/UploadMultipleFiles?meeting_type_id=7,2097,0,0
1684943670257,3070,GET GetProcessedDataList,200,OK,Thread Group 01 1-84,text,true,,204267,298,17,17,https://qa-mirro-api.bluerock-8d9edcb3.canadacentral.azurecontainerapps.io/GetProcessedDataList,2928,0,0
1684943673329,81,GET GetProcessedDataListForParticipants,200,OK,Thread Group 01 1-84,text,true,,5998,356,17,17,https://qa-mirro-api.bluerock-8d9edcb3.canadacentral.azurecontainerapps.io/GetProcessedDataListForParticipants?metrics_processing_events_history_id=28497,81,0,0
1684943673413,381,POST Signup,200,OK,Thread Group 01 1-85,text,true,,439,418,16,16,https://qa-mirro-api.bluerock-8d9edcb3.canadacentral.azurecontainerapps.io/SignUp?first_name=Auto&last_name=Test&user_name=AUTOMATION_0250_24050854@gmail.com&password=Qr!a123abcd&is_company=false,381,0,225
1684943673796,3850,POST UploadFile,200,OK,Thread Group 01 1-85,text,true,,175,832829,16,16,https://qa-mirro-api.bluerock-8d9edcb3.canadacentral.azurecontainerapps.io/UploadMultipleFiles?meeting_type_id=7,3850,0,0
1684943677647,2627,GET GetProcessedDataList,200,OK,Thread Group 01 1-85,text,true,,204267,298,16,16,https://qa-mirro-api.bluerock-8d9edcb3.canadacentral.azurecontainerapps.io/GetProcessedDataList,2480,0,0
1684943680275,85,GET GetProcessedDataListForParticipants,200,OK,Thread Group 01 1-85,text,true,,5998,356,16,16,https://qa-mirro-api.bluerock-8d9edcb3.canadacentral.azurecontainerapps.io/GetProcessedDataListForParticipants?metrics_processing_events_history_id=28498,85,0,0
1684943680363,386,POST Signup,200,OK,Thread Group 01 1-86,text,true,,439,418,15,15,https://qa-mirro-api.bluerock-8d9edcb3.canadacentral.azurecontainerapps.io/SignUp?first_name=Auto&last_name=Test&user_name=AUTOMATION_7756_24050854@gmail.com&password=Qr!a123abcd&is_company=false,386,0,224
1684943680750,2309,POST UploadFile,200,OK,Thread Group 01 1-86,text,true,,175,832844,15,15,https://qa-mirro-api.bluerock-8d9edcb3.canadacentral.azurecontainerapps.io/UploadMultipleFiles?meeting_type_id=7,2308,0,0
1684943683061,2738,GET GetProcessedDataList,200,OK,Thread Group 01 1-86,text,true,,204267,298,15,15,https://qa-mirro-api.bluerock-8d9edcb3.canadacentral.azurecontainerapps.io/GetProcessedDataList,2593,0,0
1684943685800,82,GET GetProcessedDataListForParticipants,200,OK,Thread Group 01 1-86,text,true,,5998,356,15,15,https://qa-mirro-api.bluerock-8d9edcb3.canadacentral.azurecontainerapps.io/GetProcessedDataListForParticipants?metrics_processing_events_history_id=28499,82,0,0
1684943685884,389,POST Signup,200,OK,Thread Group 01 1-87,text,true,,439,418,14,14,https://qa-mirro-api.bluerock-8d9edcb3.canadacentral.azurecontainerapps.io/SignUp?first_name=Auto&last_name=Test&user_name=AUTOMATION_3775_24050854@gmail.com&password=Qr!a123abcd&is_company=false,389,0,225
1684943686274,2602,POST UploadFile,200,OK,Thread Group 01 1-87,text,true,,175,832826,14,14,https://qa-mirro-api.bluerock-8d9edcb3.canadacentral.azurecontainerapps.io/UploadMultipleFiles?meeting_type_id=7,2602,0,0
1684943688876,2736,GET GetProcessedDataList,200,OK,Thread Group 01 1-87,text,true,,204267,298,14,14,https://qa-mirro-api.bluerock-8d9edcb3.canadacentral.azurecontainerapps.io/GetProcessedDataList,2568,0,0
1684943691613,81,GET GetProcessedDataListForParticipants,200,OK,Thread Group 01 1-87,text,true,,5998,356,14,14,https://qa-mirro-api.bluerock-8d9edcb3.canadacentral.azurecontainerapps.io/GetProcessedDataListForParticipants?metrics_processing_events_history_id=28500,81,0,0
1684943691696,373,POST Signup,200,OK,Thread Group 01 1-88,text,true,,439,418,13,13,https://qa-mirro-api.bluerock-8d9edcb3.canadacentral.azurecontainerapps.io/SignUp?first_name=Auto&last_name=Test&user_name=AUTOMATION_1147_24050854@gmail.com&password=Qr!a123abcd&is_company=false,373,0,221
1684943692071,2545,POST UploadFile,200,OK,Thread Group 01 1-88,text,true,,175,832853,13,13,https://qa-mirro-api.bluerock-8d9edcb3.canadacentral.azurecontainerapps.io/UploadMultipleFiles?meeting_type_id=7,2545,0,0
1684943694618,2763,GET GetProcessedDataList,200,OK,Thread Group 01 1-88,text,true,,204267,298,13,13,https://qa-mirro-api.bluerock-8d9edcb3.canadacentral.azurecontainerapps.io/GetProcessedDataList,2618,0,0
1684943697382,84,GET GetProcessedDataListForParticipants,200,OK,Thread Group 01 1-88,text,true,,5998,356,13,13,https://qa-mirro-api.bluerock-8d9edcb3.canadacentral.azurecontainerapps.io/GetProcessedDataListForParticipants?metrics_processing_events_history_id=28501,84,0,0
1684943697468,375,POST Signup,200,OK,Thread Group 01 1-89,text,true,,439,418,12,12,https://qa-mirro-api.bluerock-8d9edcb3.canadacentral.azurecontainerapps.io/SignUp?first_name=Auto&last_name=Test&user_name=AUTOMATION_4226_24050854@gmail.com&password=Qr!a123abcd&is_company=false,375,0,224
1684943697844,3034,POST UploadFile,200,OK,Thread Group 01 1-89,text,true,,175,832823,12,12,https://qa-mirro-api.bluerock-8d9edcb3.canadacentral.azurecontainerapps.io/UploadMultipleFiles?meeting_type_id=7,3034,0,0
1684943700881,2828,GET GetProcessedDataList,200,OK,Thread Group 01 1-89,text,true,,204267,298,12,12,https://qa-mirro-api.bluerock-8d9edcb3.canadacentral.azurecontainerapps.io/GetProcessedDataList,2670,0,0
1684943703710,81,GET GetProcessedDataListForParticipants,200,OK,Thread Group 01 1-89,text,true,,5998,356,12,12,https://qa-mirro-api.bluerock-8d9edcb3.canadacentral.azurecontainerapps.io/GetProcessedDataListForParticipants?metrics_processing_events_history_id=28502,81,0,0
1684943703796,375,POST Signup,200,OK,Thread Group 01 1-90,text,true,,439,418,11,11,https://qa-mirro-api.bluerock-8d9edcb3.canadacentral.azurecontainerapps.io/SignUp?first_name=Auto&last_name=Test&user_name=AUTOMATION_1759_24050855@gmail.com&password=Qr!a123abcd&is_company=false,375,0,225
1684943704172,2038,POST UploadFile,200,OK,Thread Group 01 1-90,text,true,,175,832826,11,11,https://qa-mirro-api.bluerock-8d9edcb3.canadacentral.azurecontainerapps.io/UploadMultipleFiles?meeting_type_id=7,2038,0,0
1684943706212,3017,GET GetProcessedDataList,200,OK,Thread Group 01 1-90,text,true,,204267,298,11,11,https://qa-mirro-api.bluerock-8d9edcb3.canadacentral.azurecontainerapps.io/GetProcessedDataList,2874,0,0
1684943709230,83,GET GetProcessedDataListForParticipants,200,OK,Thread Group 01 1-90,text,true,,5998,356,11,11,https://qa-mirro-api.bluerock-8d9edcb3.canadacentral.azurecontainerapps.io/GetProcessedDataListForParticipants?metrics_processing_events_history_id=28503,83,0,0
1684943709316,378,POST Signup,200,OK,Thread Group 01 1-91,text,true,,439,418,10,10,https://qa-mirro-api.bluerock-8d9edcb3.canadacentral.azurecontainerapps.io/SignUp?first_name=Auto&last_name=Test&user_name=AUTOMATION_6835_24050855@gmail.com&password=Qr!a123abcd&is_company=false,378,0,226
1684943709695,2343,POST UploadFile,200,OK,Thread Group 01 1-91,text,true,,175,832832,10,10,https://qa-mirro-api.bluerock-8d9edcb3.canadacentral.azurecontainerapps.io/UploadMultipleFiles?meeting_type_id=7,2343,0,0
1684943712039,2877,GET GetProcessedDataList,200,OK,Thread Group 01 1-91,text,true,,204267,298,10,10,https://qa-mirro-api.bluerock-8d9edcb3.canadacentral.azurecontainerapps.io/GetProcessedDataList,2735,0,0
1684943714917,82,GET GetProcessedDataListForParticipants,200,OK,Thread Group 01 1-91,text,true,,5998,356,10,10,https://qa-mirro-api.bluerock-8d9edcb3.canadacentral.azurecontainerapps.io/GetProcessedDataListForParticipants?metrics_processing_events_history_id=28504,81,0,0
1684943715001,378,POST Signup,200,OK,Thread Group 01 1-92,text,true,,439,418,9,9,https://qa-mirro-api.bluerock-8d9edcb3.canadacentral.azurecontainerapps.io/SignUp?first_name=Auto&last_name=Test&user_name=AUTOMATION_4076_24050855@gmail.com&password=Qr!a123abcd&is_company=false,378,0,224
1684943715381,2245,POST UploadFile,200,OK,Thread Group 01 1-92,text,true,,175,832829,9,9,https://qa-mirro-api.bluerock-8d9edcb3.canadacentral.azurecontainerapps.io/UploadMultipleFiles?meeting_type_id=7,2245,0,0
1684943717627,2817,GET GetProcessedDataList,200,OK,Thread Group 01 1-92,text,true,,204267,298,9,9,https://qa-mirro-api.bluerock-8d9edcb3.canadacentral.azurecontainerapps.io/GetProcessedDataList,2672,0,0
1684943720445,83,GET GetProcessedDataListForParticipants,200,OK,Thread Group 01 1-92,text,true,,5998,356,9,9,https://qa-mirro-api.bluerock-8d9edcb3.canadacentral.azurecontainerapps.io/GetProcessedDataListForParticipants?metrics_processing_events_history_id=28505,83,0,0
1684943720530,376,POST Signup,200,OK,Thread Group 01 1-93,text,true,,439,418,8,8,https://qa-mirro-api.bluerock-8d9edcb3.canadacentral.azurecontainerapps.io/SignUp?first_name=Auto&last_name=Test&user_name=AUTOMATION_3807_24050855@gmail.com&password=Qr!a123abcd&is_company=false,376,0,224
1684943720907,2600,POST UploadFile,200,OK,Thread Group 01 1-93,text,true,,175,832844,8,8,https://qa-mirro-api.bluerock-8d9edcb3.canadacentral.azurecontainerapps.io/UploadMultipleFiles?meeting_type_id=7,2600,0,0
1684943723509,2916,GET GetProcessedDataList,200,OK,Thread Group 01 1-93,text,true,,204267,298,8,8,https://qa-mirro-api.bluerock-8d9edcb3.canadacentral.azurecontainerapps.io/GetProcessedDataList,2772,0,0
1684943726427,82,GET GetProcessedDataListForParticipants,200,OK,Thread Group 01 1-93,text,true,,5998,356,8,8,https://qa-mirro-api.bluerock-8d9edcb3.canadacentral.azurecontainerapps.io/GetProcessedDataListForParticipants?metrics_processing_events_history_id=28506,82,0,0
1684943726512,383,POST Signup,200,OK,Thread Group 01 1-94,text,true,,439,418,7,7,https://qa-mirro-api.bluerock-8d9edcb3.canadacentral.azurecontainerapps.io/SignUp?first_name=Auto&last_name=Test&user_name=AUTOMATION_7044_24050855@gmail.com&password=Qr!a123abcd&is_company=false,383,0,225
1684943726896,2127,POST UploadFile,200,OK,Thread Group 01 1-94,text,true,,175,832853,7,7,https://qa-mirro-api.bluerock-8d9edcb3.canadacentral.azurecontainerapps.io/UploadMultipleFiles?meeting_type_id=7,2127,0,0
1684943729023,2682,GET GetProcessedDataList,200,OK,Thread Group 01 1-94,text,true,,204267,298,7,7,https://qa-mirro-api.bluerock-8d9edcb3.canadacentral.azurecontainerapps.io/GetProcessedDataList,2538,0,0
1684943731708,83,GET GetProcessedDataListForParticipants,200,OK,Thread Group 01 1-94,text,true,,5998,356,7,7,https://qa-mirro-api.bluerock-8d9edcb3.canadacentral.azurecontainerapps.io/GetProcessedDataListForParticipants?metrics_processing_events_history_id=28507,83,0,0
1684943731796,376,POST Signup,200,OK,Thread Group 01 1-95,text,true,,439,418,6,6,https://qa-mirro-api.bluerock-8d9edcb3.canadacentral.azurecontainerapps.io/SignUp?first_name=Auto&last_name=Test&user_name=AUTOMATION_7126_24050855@gmail.com&password=Qr!a123abcd&is_company=false,376,0,227
1684943732173,2495,POST UploadFile,200,OK,Thread Group 01 1-95,text,true,,175,832838,6,6,https://qa-mirro-api.bluerock-8d9edcb3.canadacentral.azurecontainerapps.io/UploadMultipleFiles?meeting_type_id=7,2495,0,0
1684943734669,2775,GET GetProcessedDataList,200,OK,Thread Group 01 1-95,text,true,,204267,298,6,6,https://qa-mirro-api.bluerock-8d9edcb3.canadacentral.azurecontainerapps.io/GetProcessedDataList,2630,0,0
1684943737446,82,GET GetProcessedDataListForParticipants,200,OK,Thread Group 01 1-95,text,true,,5998,356,6,6,https://qa-mirro-api.bluerock-8d9edcb3.canadacentral.azurecontainerapps.io/GetProcessedDataListForParticipants?metrics_processing_events_history_id=28508,82,0,0
1684943737530,380,POST Signup,200,OK,Thread Group 01 1-96,text,true,,439,418,5,5,https://qa-mirro-api.bluerock-8d9edcb3.canadacentral.azurecontainerapps.io/SignUp?first_name=Auto&last_name=Test&user_name=AUTOMATION_1825_24050855@gmail.com&password=Qr!a123abcd&is_company=false,380,0,227
1684943737911,1609,POST UploadFile,200,OK,Thread Group 01 1-96,text,true,,175,832847,5,5,https://qa-mirro-api.bluerock-8d9edcb3.canadacentral.azurecontainerapps.io/UploadMultipleFiles?meeting_type_id=7,1609,0,0
1684943739521,2734,GET GetProcessedDataList,200,OK,Thread Group 01 1-96,text,true,,204267,298,5,5,https://qa-mirro-api.bluerock-8d9edcb3.canadacentral.azurecontainerapps.io/GetProcessedDataList,2592,0,0
1684943742256,82,GET GetProcessedDataListForParticipants,200,OK,Thread Group 01 1-96,text,true,,5998,356,5,5,https://qa-mirro-api.bluerock-8d9edcb3.canadacentral.azurecontainerapps.io/GetProcessedDataListForParticipants?metrics_processing_events_history_id=28509,82,0,0
1684943742340,378,POST Signup,200,OK,Thread Group 01 1-97,text,true,,439,418,4,4,https://qa-mirro-api.bluerock-8d9edcb3.canadacentral.azurecontainerapps.io/SignUp?first_name=Auto&last_name=Test&user_name=AUTOMATION_7877_24050855@gmail.com&password=Qr!a123abcd&is_company=false,378,0,224
1684943742719,1985,POST UploadFile,200,OK,Thread Group 01 1-97,text,true,,175,832823,4,4,https://qa-mirro-api.bluerock-8d9edcb3.canadacentral.azurecontainerapps.io/UploadMultipleFiles?meeting_type_id=7,1985,0,0
1684943744705,2764,GET GetProcessedDataList,200,OK,Thread Group 01 1-97,text,true,,204267,298,4,4,https://qa-mirro-api.bluerock-8d9edcb3.canadacentral.azurecontainerapps.io/GetProcessedDataList,2615,0,0
1684943747471,83,GET GetProcessedDataListForParticipants,200,OK,Thread Group 01 1-97,text,true,,5998,356,4,4,https://qa-mirro-api.bluerock-8d9edcb3.canadacentral.azurecontainerapps.io/GetProcessedDataListForParticipants?metrics_processing_events_history_id=28510,83,0,0
1684943747556,379,POST Signup,200,OK,Thread Group 01 1-98,text,true,,439,418,3,3,https://qa-mirro-api.bluerock-8d9edcb3.canadacentral.azurecontainerapps.io/SignUp?first_name=Auto&last_name=Test&user_name=AUTOMATION_8024_24050855@gmail.com&password=Qr!a123abcd&is_company=false,379,0,226
1684943747937,2870,POST UploadFile,200,OK,Thread Group 01 1-98,text,true,,175,832841,3,3,https://qa-mirro-api.bluerock-8d9edcb3.canadacentral.azurecontainerapps.io/UploadMultipleFiles?meeting_type_id=7,2870,0,0
1684943750808,2766,GET GetProcessedDataList,200,OK,Thread Group 01 1-98,text,true,,204267,298,3,3,https://qa-mirro-api.bluerock-8d9edcb3.canadacentral.azurecontainerapps.io/GetProcessedDataList,2618,0,0
1684943753575,84,GET GetProcessedDataListForParticipants,200,OK,Thread Group 01 1-98,text,true,,5998,356,3,3,https://qa-mirro-api.bluerock-8d9edcb3.canadacentral.azurecontainerapps.io/GetProcessedDataListForParticipants?metrics_processing_events_history_id=28511,84,0,0
1684943753663,382,POST Signup,200,OK,Thread Group 01 1-99,text,true,,439,418,2,2,https://qa-mirro-api.bluerock-8d9edcb3.canadacentral.azurecontainerapps.io/SignUp?first_name=Auto&last_name=Test&user_name=AUTOMATION_9346_24050855@gmail.com&password=Qr!a123abcd&is_company=false,382,0,231
1684943754047,1963,POST UploadFile,200,OK,Thread Group 01 1-99,text,true,,175,832829,2,2,https://qa-mirro-api.bluerock-8d9edcb3.canadacentral.azurecontainerapps.io/UploadMultipleFiles?meeting_type_id=7,1963,0,0
1684943756012,3128,GET GetProcessedDataList,200,OK,Thread Group 01 1-99,text,true,,204267,298,2,2,https://qa-mirro-api.bluerock-8d9edcb3.canadacentral.azurecontainerapps.io/GetProcessedDataList,2983,0,0
1684943759142,83,GET GetProcessedDataListForParticipants,200,OK,Thread Group 01 1-99,text,true,,5998,356,2,2,https://qa-mirro-api.bluerock-8d9edcb3.canadacentral.azurecontainerapps.io/GetProcessedDataListForParticipants?metrics_processing_events_history_id=28512,83,0,0
1684943759228,384,POST Signup,200,OK,Thread Group 01 1-100,text,true,,439,418,1,1,https://qa-mirro-api.bluerock-8d9edcb3.canadacentral.azurecontainerapps.io/SignUp?first_name=Auto&last_name=Test&user_name=AUTOMATION_1598_24050855@gmail.com&password=Qr!a123abcd&is_company=false,384,0,232
1684943759613,2533,POST UploadFile,200,OK,Thread Group 01 1-100,text,true,,175,832829,1,1,https://qa-mirro-api.bluerock-8d9edcb3.canadacentral.azurecontainerapps.io/UploadMultipleFiles?meeting_type_id=7,2533,0,0
1684943762149,2327,GET GetProcessedDataList,200,OK,Thread Group 01 1-100,text,true,,204267,298,1,1,https://qa-mirro-api.bluerock-8d9edcb3.canadacentral.azurecontainerapps.io/GetProcessedDataList,2188,0,0
1684943764477,81,GET GetProcessedDataListForParticipants,200,OK,Thread Group 01 1-100,text,true,,5998,356,1,1,https://qa-mirro-api.bluerock-8d9edcb3.canadacentral.azurecontainerapps.io/GetProcessedDataListForParticipants?metrics_processing_events_history_id=28513,81,0,0
